	d	j	v	frequency	frequency	frequency	frequency	frequency	frequency	frequency	frequency	frequency	frequency	frequency	frequency	frequency	frequency
0	IGHD1-2*01	IGHJ2-4*01	IGHV1-2*01	NA	NA	NA	NA	NA	NA	NA	NA	NA	NA	NA	NA	NA	NA
1	IGHD1-2*01	IGHJ2-5*01	IGHV1-2*01	NA	NA	NA	NA	NA	NA	NA	NA	NA	NA	NA	NA	NA	NA
2	IGHD2-2*01	IGHJ2-1*01	IGHV1-2*01	NA	NA	NA	NA	NA	NA	NA	NA	NA	NA	NA	NA	NA	NA
3	IGHD2-3*01	IGHJ2-2*01	IGHV1-2*01	NA	NA	NA	NA	NA	NA	NA	NA	NA	NA	NA	NA	NA	NA
4	IGHD2-4*01	IGHJ2-1*01	IGHV1-2*01	NA	NA	NA	NA	NA	NA	NA	NA	NA	NA	NA	NA	NA	NA
5	IGHD2-4*01	IGHJ2-2*01	IGHV1-2*01	NA	NA	NA	NA	NA	NA	NA	NA	NA	NA	NA	NA	NA	NA
6	IGHD2-4*01	IGHJ2-4*01	IGHV1-2*01	NA	NA	NA	NA	NA	NA	NA	NA	NA	NA	NA	NA	NA	NA
7	IGHD2-4*01	IGHJ2-5*01	IGHV1-2*01	NA	NA	NA	NA	NA	NA	NA	NA	NA	NA	NA	NA	NA	NA
8	IGHD2-5*01	IGHJ2-1*01	IGHV1-2*01	NA	NA	NA	NA	NA	NA	NA	NA	NA	NA	NA	NA	NA	NA
9	IGHD2-5*01	IGHJ2-2*01	IGHV1-2*01	NA	NA	NA	NA	NA	NA	NA	NA	NA	NA	NA	NA	NA	NA
10	IGHD2-5*01	IGHJ2-4*01	IGHV1-2*01	NA	NA	NA	NA	NA	NA	NA	NA	NA	NA	NA	NA	NA	NA
11	IGHD2-5*01	IGHJ2-5*01	IGHV1-2*01	NA	NA	NA	NA	NA	NA	NA	NA	NA	NA	NA	NA	NA	NA
12	NA	IGHJ1-2*01	IGHV1-2*01	NA	NA	NA	NA	NA	NA	NA	NA	NA	NA	NA	NA	NA	NA
13	NA	IGHJ2-1*01	IGHV1-2*01	NA	NA	NA	NA	NA	NA	NA	NA	NA	NA	NA	NA	NA	NA
14	NA	IGHJ2-2*01	IGHV1-2*01	NA	NA	NA	NA	NA	NA	NA	NA	NA	NA	NA	NA	NA	NA
15	NA	IGHJ2-3*01	IGHV1-2*01	NA	NA	NA	NA	NA	NA	NA	NA	NA	NA	NA	NA	NA	NA
16	NA	IGHJ2-4*01	IGHV1-2*01	NA	NA	NA	NA	NA	NA	NA	NA	NA	NA	NA	NA	NA	NA
17	NA	IGHJ2-5*01	IGHV1-2*01	NA	NA	NA	NA	NA	NA	NA	NA	NA	NA	NA	NA	NA	NA
18	IGHD2-2*01	IGHJ2-1*01	IGHV1-3*01	NA	NA	NA	NA	NA	NA	NA	NA	NA	NA	NA	NA	NA	NA
19	IGHD2-2*01	IGHJ2-2*01	IGHV1-3*01	NA	NA	NA	NA	NA	NA	NA	NA	NA	NA	NA	NA	NA	NA
20	IGHD2-3*01	IGHJ2-2*01	IGHV1-3*01	NA	NA	NA	NA	NA	NA	NA	NA	NA	NA	NA	NA	NA	NA
21	IGHD2-4*01	IGHJ2-1*01	IGHV1-3*01	NA	NA	NA	NA	NA	NA	NA	NA	NA	NA	NA	NA	NA	NA
22	IGHD2-4*01	IGHJ2-2*01	IGHV1-3*01	NA	NA	NA	NA	NA	NA	NA	NA	NA	NA	NA	NA	NA	NA
23	IGHD2-4*01	IGHJ2-4*01	IGHV1-3*01	NA	NA	NA	NA	NA	NA	NA	NA	NA	NA	NA	NA	NA	NA
24	IGHD2-5*01	IGHJ2-1*01	IGHV1-3*01	NA	NA	NA	NA	NA	NA	NA	NA	NA	NA	NA	NA	NA	NA
25	IGHD2-5*01	IGHJ2-2*01	IGHV1-3*01	NA	NA	NA	NA	NA	NA	NA	NA	NA	NA	NA	NA	NA	NA
26	IGHD2-5*01	IGHJ2-3*01	IGHV1-3*01	NA	NA	NA	NA	NA	NA	NA	NA	NA	NA	NA	NA	NA	NA
27	IGHD2-5*01	IGHJ2-4*01	IGHV1-3*01	NA	NA	NA	NA	NA	NA	NA	NA	NA	NA	NA	NA	NA	NA
28	IGHD2-5*01	IGHJ2-5*01	IGHV1-3*01	NA	NA	NA	NA	NA	NA	NA	NA	NA	NA	NA	NA	NA	NA
29	NA	IGHJ2-1*01	IGHV1-3*01	NA	NA	NA	NA	NA	NA	NA	NA	NA	NA	NA	NA	NA	NA
30	NA	IGHJ2-2*01	IGHV1-3*01	NA	NA	NA	NA	NA	NA	NA	NA	NA	NA	NA	NA	NA	NA
31	NA	IGHJ2-3*01	IGHV1-3*01	NA	NA	NA	NA	NA	NA	NA	NA	NA	NA	NA	NA	NA	NA
32	NA	IGHJ2-4*01	IGHV1-3*01	NA	NA	NA	NA	NA	NA	NA	NA	NA	NA	NA	NA	NA	NA
33	NA	IGHJ2-5*01	IGHV1-3*01	NA	NA	NA	NA	NA	NA	NA	NA	NA	NA	NA	NA	NA	NA
34	IGHD2-2*01	IGHJ2-1*01	IGHV1-4*01	NA	NA	NA	NA	NA	NA	NA	NA	NA	NA	NA	NA	NA	NA
35	IGHD2-2*01	IGHJ2-4*01	IGHV1-4*01	NA	NA	NA	NA	NA	NA	NA	NA	NA	NA	NA	NA	NA	NA
36	IGHD2-2*01	IGHJ2-5*01	IGHV1-4*01	NA	NA	NA	NA	NA	NA	NA	NA	NA	NA	NA	NA	NA	NA
37	IGHD2-3*01	IGHJ2-1*01	IGHV1-4*01	NA	NA	NA	NA	NA	NA	NA	NA	NA	NA	NA	NA	NA	NA
38	IGHD2-3*01	IGHJ2-2*01	IGHV1-4*01	NA	NA	NA	NA	NA	NA	NA	NA	NA	NA	NA	NA	NA	NA
39	IGHD2-4*01	IGHJ2-1*01	IGHV1-4*01	NA	NA	NA	NA	NA	NA	NA	NA	NA	NA	NA	NA	NA	NA
40	IGHD2-5*01	IGHJ2-1*01	IGHV1-4*01	NA	NA	NA	NA	NA	NA	NA	NA	NA	NA	NA	NA	NA	NA
41	IGHD2-5*01	IGHJ2-2*01	IGHV1-4*01	NA	NA	NA	NA	NA	NA	NA	NA	NA	NA	NA	NA	NA	NA
42	IGHD2-5*01	IGHJ2-4*01	IGHV1-4*01	NA	NA	NA	NA	NA	NA	NA	NA	NA	NA	NA	NA	NA	NA
43	NA	IGHJ2-1*01	IGHV1-4*01	NA	NA	NA	NA	NA	NA	NA	NA	NA	NA	NA	NA	NA	NA
44	NA	IGHJ2-2*01	IGHV1-4*01	NA	NA	NA	NA	NA	NA	NA	NA	NA	NA	NA	NA	NA	NA
45	NA	IGHJ2-3*01	IGHV1-4*01	NA	NA	NA	NA	NA	NA	NA	NA	NA	NA	NA	NA	NA	NA
46	NA	IGHJ2-4*01	IGHV1-4*01	NA	NA	NA	NA	NA	NA	NA	NA	NA	NA	NA	NA	NA	NA
47	NA	IGHJ2-5*01	IGHV1-4*01	NA	NA	NA	NA	NA	NA	NA	NA	NA	NA	NA	NA	NA	NA
48	IGHD2-2*01	IGHJ2-5*01	IGHV1-5*01	NA	NA	NA	NA	NA	NA	NA	NA	NA	NA	NA	NA	NA	NA
49	IGHD2-3*01	IGHJ2-1*01	IGHV1-5*01	NA	NA	NA	NA	NA	NA	NA	NA	NA	NA	NA	NA	NA	NA
50	IGHD2-4*01	IGHJ2-1*01	IGHV1-5*01	NA	NA	NA	NA	NA	NA	NA	NA	NA	NA	NA	NA	NA	NA
51	IGHD2-4*01	IGHJ2-2*01	IGHV1-5*01	NA	NA	NA	NA	NA	NA	NA	NA	NA	NA	NA	NA	NA	NA
52	IGHD2-4*01	IGHJ2-4*01	IGHV1-5*01	NA	NA	NA	NA	NA	NA	NA	NA	NA	NA	NA	NA	NA	NA
53	IGHD2-4*01	IGHJ2-5*01	IGHV1-5*01	NA	NA	NA	NA	NA	NA	NA	NA	NA	NA	NA	NA	NA	NA
54	IGHD2-5*01	IGHJ2-1*01	IGHV1-5*01	NA	NA	NA	NA	NA	NA	NA	NA	NA	NA	NA	NA	NA	NA
55	IGHD2-5*01	IGHJ2-2*01	IGHV1-5*01	NA	NA	NA	NA	NA	NA	NA	NA	NA	NA	NA	NA	NA	NA
56	IGHD2-5*01	IGHJ2-3*01	IGHV1-5*01	NA	NA	NA	NA	NA	NA	NA	NA	NA	NA	NA	NA	NA	NA
57	IGHD2-5*01	IGHJ2-4*01	IGHV1-5*01	NA	NA	NA	NA	NA	NA	NA	NA	NA	NA	NA	NA	NA	NA
58	IGHD2-5*01	IGHJ2-5*01	IGHV1-5*01	NA	NA	NA	NA	NA	NA	NA	NA	NA	NA	NA	NA	NA	NA
59	NA	IGHJ2-1*01	IGHV1-5*01	NA	NA	NA	NA	NA	NA	NA	NA	NA	NA	NA	NA	NA	NA
60	NA	IGHJ2-2*01	IGHV1-5*01	NA	NA	NA	NA	NA	NA	NA	NA	NA	NA	NA	NA	NA	NA
61	NA	IGHJ2-3*01	IGHV1-5*01	NA	NA	NA	NA	NA	NA	NA	NA	NA	NA	NA	NA	NA	NA
62	NA	IGHJ2-4*01	IGHV1-5*01	NA	NA	NA	NA	NA	NA	NA	NA	NA	NA	NA	NA	NA	NA
63	NA	IGHJ2-5*01	IGHV1-5*01	NA	NA	NA	NA	NA	NA	NA	NA	NA	NA	NA	NA	NA	NA
64	IGHD2-4*01	IGHJ2-1*01	IGHV10-1*01	NA	NA	NA	NA	NA	NA	NA	NA	NA	NA	NA	NA	NA	NA
65	IGHD2-4*01	IGHJ2-5*01	IGHV10-1*01	NA	NA	NA	NA	NA	NA	NA	NA	NA	NA	NA	NA	NA	NA
66	IGHD2-5*01	IGHJ2-1*01	IGHV10-1*01	NA	NA	NA	NA	NA	NA	NA	NA	NA	NA	NA	NA	NA	NA
67	IGHD2-5*01	IGHJ2-4*01	IGHV10-1*01	NA	NA	NA	NA	NA	NA	NA	NA	NA	NA	NA	NA	NA	NA
68	IGHD2-5*01	IGHJ2-5*01	IGHV10-1*01	NA	NA	NA	NA	NA	NA	NA	NA	NA	NA	NA	NA	NA	NA
69	NA	IGHJ2-1*01	IGHV10-1*01	NA	NA	NA	NA	NA	NA	NA	NA	NA	NA	NA	NA	NA	NA
70	NA	IGHJ2-2*01	IGHV10-1*01	NA	NA	NA	NA	NA	NA	NA	NA	NA	NA	NA	NA	NA	NA
71	NA	IGHJ2-4*01	IGHV10-1*01	NA	NA	NA	NA	NA	NA	NA	NA	NA	NA	NA	NA	NA	NA
72	NA	IGHJ2-5*01	IGHV10-1*01	NA	NA	NA	NA	NA	NA	NA	NA	NA	NA	NA	NA	NA	NA
73	IGHD2-5*01	IGHJ2-1*01	IGHV11-1*01	NA	NA	NA	NA	NA	NA	NA	NA	NA	NA	NA	NA	NA	NA
74	IGHD2-5*01	IGHJ2-4*01	IGHV11-1*01	NA	NA	NA	NA	NA	NA	NA	NA	NA	NA	NA	NA	NA	NA
75	NA	IGHJ1-1*01	IGHV11-1*01	NA	NA	NA	NA	NA	NA	NA	NA	NA	NA	NA	NA	NA	NA
76	NA	IGHJ2-1*01	IGHV11-1*01	NA	NA	NA	NA	NA	NA	NA	NA	NA	NA	NA	NA	NA	NA
77	NA	IGHJ2-2*01	IGHV11-1*01	NA	NA	NA	NA	NA	NA	NA	NA	NA	NA	NA	NA	NA	NA
78	NA	IGHJ2-4*01	IGHV11-1*01	NA	NA	NA	NA	NA	NA	NA	NA	NA	NA	NA	NA	NA	NA
79	NA	IGHJ2-5*01	IGHV11-1*01	NA	NA	NA	NA	NA	NA	NA	NA	NA	NA	NA	NA	NA	NA
80	IGHD2-2*01	IGHJ2-4*01	IGHV11-2*01	NA	NA	NA	NA	NA	NA	NA	NA	NA	NA	NA	NA	NA	NA
81	IGHD2-3*01	IGHJ2-1*01	IGHV11-2*01	NA	NA	NA	NA	NA	NA	NA	NA	NA	NA	NA	NA	NA	NA
82	IGHD2-4*01	IGHJ2-1*01	IGHV11-2*01	NA	NA	NA	NA	NA	NA	NA	NA	NA	NA	NA	NA	NA	NA
83	IGHD2-4*01	IGHJ2-2*01	IGHV11-2*01	NA	NA	NA	NA	NA	NA	NA	NA	NA	NA	NA	NA	NA	NA
84	IGHD2-4*01	IGHJ2-5*01	IGHV11-2*01	NA	NA	NA	NA	NA	NA	NA	NA	NA	NA	NA	NA	NA	NA
85	IGHD2-5*01	IGHJ2-1*01	IGHV11-2*01	NA	NA	NA	NA	NA	NA	NA	NA	NA	NA	NA	NA	NA	NA
86	IGHD2-5*01	IGHJ2-4*01	IGHV11-2*01	NA	NA	NA	NA	NA	NA	NA	NA	NA	NA	NA	NA	NA	NA
87	IGHD2-5*01	IGHJ2-5*01	IGHV11-2*01	NA	NA	NA	NA	NA	NA	NA	NA	NA	NA	NA	NA	NA	NA
88	NA	IGHJ1-1*01	IGHV11-2*01	NA	NA	NA	NA	NA	NA	NA	NA	NA	NA	NA	NA	NA	NA
89	NA	IGHJ1-2*01	IGHV11-2*01	NA	NA	NA	NA	NA	NA	NA	NA	NA	NA	NA	NA	NA	NA
90	NA	IGHJ2-1*01	IGHV11-2*01	NA	NA	NA	NA	NA	NA	NA	NA	NA	NA	NA	NA	NA	NA
91	NA	IGHJ2-2*01	IGHV11-2*01	NA	NA	NA	NA	NA	NA	NA	NA	NA	NA	NA	NA	NA	NA
92	NA	IGHJ2-3*01	IGHV11-2*01	NA	NA	NA	NA	NA	NA	NA	NA	NA	NA	NA	NA	NA	NA
93	NA	IGHJ2-4*01	IGHV11-2*01	NA	NA	NA	NA	NA	NA	NA	NA	NA	NA	NA	NA	NA	NA
94	NA	IGHJ2-5*01	IGHV11-2*01	NA	NA	NA	NA	NA	NA	NA	NA	NA	NA	NA	NA	NA	NA
95	IGHD2-1*01	IGHJ2-4*01	IGHV13-2*01	NA	NA	NA	NA	NA	NA	NA	NA	NA	NA	NA	NA	NA	NA
96	IGHD2-2*01	IGHJ2-1*01	IGHV13-2*01	NA	NA	NA	NA	NA	NA	NA	NA	NA	NA	NA	NA	NA	NA
97	IGHD2-4*01	IGHJ2-1*01	IGHV13-2*01	NA	NA	NA	NA	NA	NA	NA	NA	NA	NA	NA	NA	NA	NA
98	IGHD2-4*01	IGHJ2-4*01	IGHV13-2*01	NA	NA	NA	NA	NA	NA	NA	NA	NA	NA	NA	NA	NA	NA
99	IGHD2-4*01	IGHJ2-5*01	IGHV13-2*01	NA	NA	NA	NA	NA	NA	NA	NA	NA	NA	NA	NA	NA	NA
100	IGHD2-5*01	IGHJ2-1*01	IGHV13-2*01	NA	NA	NA	NA	NA	NA	NA	NA	NA	NA	NA	NA	NA	NA
101	IGHD2-5*01	IGHJ2-2*01	IGHV13-2*01	NA	NA	NA	NA	NA	NA	NA	NA	NA	NA	NA	NA	NA	NA
102	IGHD2-5*01	IGHJ2-4*01	IGHV13-2*01	NA	NA	NA	NA	NA	NA	NA	NA	NA	NA	NA	NA	NA	NA
103	IGHD2-5*01	IGHJ2-5*01	IGHV13-2*01	NA	NA	NA	NA	NA	NA	NA	NA	NA	NA	NA	NA	NA	NA
104	NA	IGHJ1-1*01	IGHV13-2*01	NA	NA	NA	NA	NA	NA	NA	NA	NA	NA	NA	NA	NA	NA
105	NA	IGHJ1-2*01	IGHV13-2*01	NA	NA	NA	NA	NA	NA	NA	NA	NA	NA	NA	NA	NA	NA
106	NA	IGHJ2-1*01	IGHV13-2*01	NA	NA	NA	NA	NA	NA	NA	NA	NA	NA	NA	NA	NA	NA
107	NA	IGHJ2-2*01	IGHV13-2*01	NA	NA	NA	NA	NA	NA	NA	NA	NA	NA	NA	NA	NA	NA
108	NA	IGHJ2-3*01	IGHV13-2*01	NA	NA	NA	NA	NA	NA	NA	NA	NA	NA	NA	NA	NA	NA
109	NA	IGHJ2-4*01	IGHV13-2*01	NA	NA	NA	NA	NA	NA	NA	NA	NA	NA	NA	NA	NA	NA
110	NA	IGHJ2-5*01	IGHV13-2*01	NA	NA	NA	NA	NA	NA	NA	NA	NA	NA	NA	NA	NA	NA
111	IGHD1-2*01	IGHJ1-1*01	IGHV14-1*01	NA	NA	NA	NA	NA	NA	NA	NA	NA	NA	NA	NA	NA	NA
112	IGHD1-2*01	IGHJ1-2*01	IGHV14-1*01	NA	NA	NA	NA	NA	NA	NA	NA	NA	NA	NA	NA	NA	NA
113	IGHD1-2*01	IGHJ2-1*01	IGHV14-1*01	NA	NA	NA	NA	NA	NA	NA	NA	NA	NA	NA	NA	NA	NA
114	IGHD1-2*01	IGHJ2-2*01	IGHV14-1*01	NA	NA	NA	NA	NA	NA	NA	NA	NA	NA	NA	NA	NA	NA
115	IGHD1-2*01	IGHJ2-4*01	IGHV14-1*01	NA	NA	NA	NA	NA	NA	NA	NA	NA	NA	NA	NA	NA	NA
116	IGHD2-1*01	IGHJ2-3*01	IGHV14-1*01	NA	NA	NA	NA	NA	NA	NA	NA	NA	NA	NA	NA	NA	NA
117	IGHD2-2*01	IGHJ2-1*01	IGHV14-1*01	NA	NA	NA	NA	NA	NA	NA	NA	NA	NA	NA	NA	NA	NA
118	IGHD2-2*01	IGHJ2-2*01	IGHV14-1*01	NA	NA	NA	NA	NA	NA	NA	NA	NA	NA	NA	NA	NA	NA
119	IGHD2-3*01	IGHJ2-1*01	IGHV14-1*01	NA	NA	NA	NA	NA	NA	NA	NA	NA	NA	NA	NA	NA	NA
120	IGHD2-3*01	IGHJ2-4*01	IGHV14-1*01	NA	NA	NA	NA	NA	NA	NA	NA	NA	NA	NA	NA	NA	NA
121	IGHD2-4*01	IGHJ2-1*01	IGHV14-1*01	NA	NA	NA	NA	NA	NA	NA	NA	NA	NA	NA	NA	NA	NA
122	IGHD2-4*01	IGHJ2-2*01	IGHV14-1*01	NA	NA	NA	NA	NA	NA	NA	NA	NA	NA	NA	NA	NA	NA
123	IGHD2-5*01	IGHJ2-1*01	IGHV14-1*01	NA	NA	NA	NA	NA	NA	NA	NA	NA	NA	NA	NA	NA	NA
124	IGHD2-5*01	IGHJ2-2*01	IGHV14-1*01	NA	NA	NA	NA	NA	NA	NA	NA	NA	NA	NA	NA	NA	NA
125	IGHD2-5*01	IGHJ2-3*01	IGHV14-1*01	NA	NA	NA	NA	NA	NA	NA	NA	NA	NA	NA	NA	NA	NA
126	IGHD2-5*01	IGHJ2-4*01	IGHV14-1*01	NA	NA	NA	NA	NA	NA	NA	NA	NA	NA	NA	NA	NA	NA
127	IGHD2-5*01	IGHJ2-5*01	IGHV14-1*01	NA	NA	NA	NA	NA	NA	NA	NA	NA	NA	NA	NA	NA	NA
128	NA	IGHJ1-1*01	IGHV14-1*01	NA	NA	NA	NA	NA	NA	NA	NA	NA	NA	NA	NA	NA	NA
129	NA	IGHJ2-1*01	IGHV14-1*01	NA	NA	NA	NA	NA	NA	NA	NA	NA	NA	NA	NA	NA	NA
130	NA	IGHJ2-2*01	IGHV14-1*01	NA	NA	NA	NA	NA	NA	NA	NA	NA	NA	NA	NA	NA	NA
131	NA	IGHJ2-3*01	IGHV14-1*01	NA	NA	NA	NA	NA	NA	NA	NA	NA	NA	NA	NA	NA	NA
132	NA	IGHJ2-4*01	IGHV14-1*01	NA	NA	NA	NA	NA	NA	NA	NA	NA	NA	NA	NA	NA	NA
133	NA	IGHJ2-5*01	IGHV14-1*01	NA	NA	NA	NA	NA	NA	NA	NA	NA	NA	NA	NA	NA	NA
134	IGHD2-1*01	IGHJ2-1*01	IGHV2-1*01	NA	NA	NA	NA	NA	NA	NA	NA	NA	NA	NA	NA	NA	NA
135	IGHD2-2*01	IGHJ2-1*01	IGHV2-1*01	NA	NA	NA	NA	NA	NA	NA	NA	NA	NA	NA	NA	NA	NA
136	IGHD2-3*01	IGHJ2-1*01	IGHV2-1*01	NA	NA	NA	NA	NA	NA	NA	NA	NA	NA	NA	NA	NA	NA
137	IGHD2-3*01	IGHJ2-4*01	IGHV2-1*01	NA	NA	NA	NA	NA	NA	NA	NA	NA	NA	NA	NA	NA	NA
138	IGHD2-4*01	IGHJ2-1*01	IGHV2-1*01	NA	NA	NA	NA	NA	NA	NA	NA	NA	NA	NA	NA	NA	NA
139	IGHD2-4*01	IGHJ2-4*01	IGHV2-1*01	NA	NA	NA	NA	NA	NA	NA	NA	NA	NA	NA	NA	NA	NA
140	IGHD2-5*01	IGHJ2-1*01	IGHV2-1*01	NA	NA	NA	NA	NA	NA	NA	NA	NA	NA	NA	NA	NA	NA
141	IGHD2-5*01	IGHJ2-4*01	IGHV2-1*01	NA	NA	NA	NA	NA	NA	NA	NA	NA	NA	NA	NA	NA	NA
142	IGHD2-5*01	IGHJ2-5*01	IGHV2-1*01	NA	NA	NA	NA	NA	NA	NA	NA	NA	NA	NA	NA	NA	NA
143	NA	IGHJ1-2*01	IGHV2-1*01	NA	NA	NA	NA	NA	NA	NA	NA	NA	NA	NA	NA	NA	NA
144	NA	IGHJ2-1*01	IGHV2-1*01	NA	NA	NA	NA	NA	NA	NA	NA	NA	NA	NA	NA	NA	NA
145	NA	IGHJ2-2*01	IGHV2-1*01	NA	NA	NA	NA	NA	NA	NA	NA	NA	NA	NA	NA	NA	NA
146	NA	IGHJ2-3*01	IGHV2-1*01	NA	NA	NA	NA	NA	NA	NA	NA	NA	NA	NA	NA	NA	NA
147	NA	IGHJ2-4*01	IGHV2-1*01	NA	NA	NA	NA	NA	NA	NA	NA	NA	NA	NA	NA	NA	NA
148	NA	IGHJ2-5*01	IGHV2-1*01	NA	NA	NA	NA	NA	NA	NA	NA	NA	NA	NA	NA	NA	NA
149	IGHD1-2*01	IGHJ2-5*01	IGHV2-2*01	NA	NA	NA	NA	NA	NA	NA	NA	NA	NA	NA	NA	NA	NA
150	IGHD2-4*01	IGHJ2-1*01	IGHV2-2*01	NA	NA	NA	NA	NA	NA	NA	NA	NA	NA	NA	NA	NA	NA
151	IGHD2-4*01	IGHJ2-2*01	IGHV2-2*01	NA	NA	NA	NA	NA	NA	NA	NA	NA	NA	NA	NA	NA	NA
152	IGHD2-4*01	IGHJ2-4*01	IGHV2-2*01	NA	NA	NA	NA	NA	NA	NA	NA	NA	NA	NA	NA	NA	NA
153	IGHD2-4*01	IGHJ2-5*01	IGHV2-2*01	NA	NA	NA	NA	NA	NA	NA	NA	NA	NA	NA	NA	NA	NA
154	IGHD2-5*01	IGHJ2-1*01	IGHV2-2*01	NA	NA	NA	NA	NA	NA	NA	NA	NA	NA	NA	NA	NA	NA
155	IGHD2-5*01	IGHJ2-4*01	IGHV2-2*01	NA	NA	NA	NA	NA	NA	NA	NA	NA	NA	NA	NA	NA	NA
156	IGHD2-5*01	IGHJ2-5*01	IGHV2-2*01	NA	NA	NA	NA	NA	NA	NA	NA	NA	NA	NA	NA	NA	NA
157	NA	IGHJ1-1*01	IGHV2-2*01	NA	NA	NA	NA	NA	NA	NA	NA	NA	NA	NA	NA	NA	NA
158	NA	IGHJ1-2*01	IGHV2-2*01	NA	NA	NA	NA	NA	NA	NA	NA	NA	NA	NA	NA	NA	NA
159	NA	IGHJ2-1*01	IGHV2-2*01	NA	NA	NA	NA	NA	NA	NA	NA	NA	NA	NA	NA	NA	NA
160	NA	IGHJ2-2*01	IGHV2-2*01	NA	NA	NA	NA	NA	NA	NA	NA	NA	NA	NA	NA	NA	NA
161	NA	IGHJ2-3*01	IGHV2-2*01	NA	NA	NA	NA	NA	NA	NA	NA	NA	NA	NA	NA	NA	NA
162	NA	IGHJ2-4*01	IGHV2-2*01	NA	NA	NA	NA	NA	NA	NA	NA	NA	NA	NA	NA	NA	NA
163	NA	IGHJ2-5*01	IGHV2-2*01	NA	NA	NA	NA	NA	NA	NA	NA	NA	NA	NA	NA	NA	NA
164	NA	IGHJ2-1*01	IGHV2-3*01	NA	NA	NA	NA	NA	NA	NA	NA	NA	NA	NA	NA	NA	NA
165	NA	IGHJ2-2*01	IGHV2-3*01	NA	NA	NA	NA	NA	NA	NA	NA	NA	NA	NA	NA	NA	NA
166	NA	IGHJ2-3*01	IGHV2-3*01	NA	NA	NA	NA	NA	NA	NA	NA	NA	NA	NA	NA	NA	NA
167	NA	IGHJ2-4*01	IGHV2-3*01	NA	NA	NA	NA	NA	NA	NA	NA	NA	NA	NA	NA	NA	NA
168	NA	IGHJ2-5*01	IGHV2-3*01	NA	NA	NA	NA	NA	NA	NA	NA	NA	NA	NA	NA	NA	NA
169	IGHD2-5*01	IGHJ2-4*01	IGHV3-2*01	NA	NA	NA	NA	NA	NA	NA	NA	NA	NA	NA	NA	NA	NA
170	NA	IGHJ2-1*01	IGHV3-2*01	NA	NA	NA	NA	NA	NA	NA	NA	NA	NA	NA	NA	NA	NA
171	NA	IGHJ2-2*01	IGHV3-2*01	NA	NA	NA	NA	NA	NA	NA	NA	NA	NA	NA	NA	NA	NA
172	NA	IGHJ2-3*01	IGHV3-2*01	NA	NA	NA	NA	NA	NA	NA	NA	NA	NA	NA	NA	NA	NA
173	NA	IGHJ2-4*01	IGHV3-2*01	NA	NA	NA	NA	NA	NA	NA	NA	NA	NA	NA	NA	NA	NA
174	NA	IGHJ2-5*01	IGHV3-2*01	NA	NA	NA	NA	NA	NA	NA	NA	NA	NA	NA	NA	NA	NA
175	IGHD2-1*01	IGHJ2-4*01	IGHV4-1*01	NA	NA	NA	NA	NA	NA	NA	NA	NA	NA	NA	NA	NA	NA
176	IGHD2-2*01	IGHJ2-1*01	IGHV4-1*01	NA	NA	NA	NA	NA	NA	NA	NA	NA	NA	NA	NA	NA	NA
177	IGHD2-2*01	IGHJ2-4*01	IGHV4-1*01	NA	NA	NA	NA	NA	NA	NA	NA	NA	NA	NA	NA	NA	NA
178	IGHD2-3*01	IGHJ2-1*01	IGHV4-1*01	NA	NA	NA	NA	NA	NA	NA	NA	NA	NA	NA	NA	NA	NA
179	IGHD2-3*01	IGHJ2-2*01	IGHV4-1*01	NA	NA	NA	NA	NA	NA	NA	NA	NA	NA	NA	NA	NA	NA
180	IGHD2-3*01	IGHJ2-4*01	IGHV4-1*01	NA	NA	NA	NA	NA	NA	NA	NA	NA	NA	NA	NA	NA	NA
181	IGHD2-4*01	IGHJ2-1*01	IGHV4-1*01	NA	NA	NA	NA	NA	NA	NA	NA	NA	NA	NA	NA	NA	NA
182	IGHD2-4*01	IGHJ2-2*01	IGHV4-1*01	NA	NA	NA	NA	NA	NA	NA	NA	NA	NA	NA	NA	NA	NA
183	IGHD2-4*01	IGHJ2-4*01	IGHV4-1*01	NA	NA	NA	NA	NA	NA	NA	NA	NA	NA	NA	NA	NA	NA
184	IGHD2-4*01	IGHJ2-5*01	IGHV4-1*01	NA	NA	NA	NA	NA	NA	NA	NA	NA	NA	NA	NA	NA	NA
185	IGHD2-5*01	IGHJ2-1*01	IGHV4-1*01	NA	NA	NA	NA	NA	NA	NA	NA	NA	NA	NA	NA	NA	NA
186	IGHD2-5*01	IGHJ2-2*01	IGHV4-1*01	NA	NA	NA	NA	NA	NA	NA	NA	NA	NA	NA	NA	NA	NA
187	IGHD2-5*01	IGHJ2-4*01	IGHV4-1*01	NA	NA	NA	NA	NA	NA	NA	NA	NA	NA	NA	NA	NA	NA
188	IGHD2-5*01	IGHJ2-5*01	IGHV4-1*01	NA	NA	NA	NA	NA	NA	NA	NA	NA	NA	NA	NA	NA	NA
189	NA	IGHJ2-1*01	IGHV4-1*01	NA	NA	NA	NA	NA	NA	NA	NA	NA	NA	NA	NA	NA	NA
190	NA	IGHJ2-2*01	IGHV4-1*01	NA	NA	NA	NA	NA	NA	NA	NA	NA	NA	NA	NA	NA	NA
191	NA	IGHJ2-3*01	IGHV4-1*01	NA	NA	NA	NA	NA	NA	NA	NA	NA	NA	NA	NA	NA	NA
192	NA	IGHJ2-4*01	IGHV4-1*01	NA	NA	NA	NA	NA	NA	NA	NA	NA	NA	NA	NA	NA	NA
193	NA	IGHJ2-5*01	IGHV4-1*01	NA	NA	NA	NA	NA	NA	NA	NA	NA	NA	NA	NA	NA	NA
194	IGHD2-4*01	IGHJ2-1*01	IGHV4-2*01	NA	NA	NA	NA	NA	NA	NA	NA	NA	NA	NA	NA	NA	NA
195	IGHD2-4*01	IGHJ2-5*01	IGHV4-2*01	NA	NA	NA	NA	NA	NA	NA	NA	NA	NA	NA	NA	NA	NA
196	IGHD2-5*01	IGHJ2-1*01	IGHV4-2*01	NA	NA	NA	NA	NA	NA	NA	NA	NA	NA	NA	NA	NA	NA
197	IGHD2-5*01	IGHJ2-4*01	IGHV4-2*01	NA	NA	NA	NA	NA	NA	NA	NA	NA	NA	NA	NA	NA	NA
198	NA	IGHJ2-1*01	IGHV4-2*01	NA	NA	NA	NA	NA	NA	NA	NA	NA	NA	NA	NA	NA	NA
199	NA	IGHJ2-2*01	IGHV4-2*01	NA	NA	NA	NA	NA	NA	NA	NA	NA	NA	NA	NA	NA	NA
200	NA	IGHJ2-4*01	IGHV4-2*01	NA	NA	NA	NA	NA	NA	NA	NA	NA	NA	NA	NA	NA	NA
201	NA	IGHJ2-5*01	IGHV4-2*01	NA	NA	NA	NA	NA	NA	NA	NA	NA	NA	NA	NA	NA	NA
202	IGHD2-1*01	IGHJ2-1*01	IGHV4-3*01	NA	NA	NA	NA	NA	NA	NA	NA	NA	NA	NA	NA	NA	NA
203	IGHD2-1*01	IGHJ2-4*01	IGHV4-3*01	NA	NA	NA	NA	NA	NA	NA	NA	NA	NA	NA	NA	NA	NA
204	IGHD2-2*01	IGHJ2-1*01	IGHV4-3*01	NA	NA	NA	NA	NA	NA	NA	NA	NA	NA	NA	NA	NA	NA
205	IGHD2-4*01	IGHJ2-1*01	IGHV4-3*01	NA	NA	NA	NA	NA	NA	NA	NA	NA	NA	NA	NA	NA	NA
206	IGHD2-4*01	IGHJ2-2*01	IGHV4-3*01	NA	NA	NA	NA	NA	NA	NA	NA	NA	NA	NA	NA	NA	NA
207	IGHD2-4*01	IGHJ2-5*01	IGHV4-3*01	NA	NA	NA	NA	NA	NA	NA	NA	NA	NA	NA	NA	NA	NA
208	IGHD2-5*01	IGHJ2-1*01	IGHV4-3*01	NA	NA	NA	NA	NA	NA	NA	NA	NA	NA	NA	NA	NA	NA
209	IGHD2-5*01	IGHJ2-2*01	IGHV4-3*01	NA	NA	NA	NA	NA	NA	NA	NA	NA	NA	NA	NA	NA	NA
210	IGHD2-5*01	IGHJ2-4*01	IGHV4-3*01	NA	NA	NA	NA	NA	NA	NA	NA	NA	NA	NA	NA	NA	NA
211	IGHD2-5*01	IGHJ2-5*01	IGHV4-3*01	NA	NA	NA	NA	NA	NA	NA	NA	NA	NA	NA	NA	NA	NA
212	NA	IGHJ1-1*01	IGHV4-3*01	NA	NA	NA	NA	NA	NA	NA	NA	NA	NA	NA	NA	NA	NA
213	NA	IGHJ2-1*01	IGHV4-3*01	NA	NA	NA	NA	NA	NA	NA	NA	NA	NA	NA	NA	NA	NA
214	NA	IGHJ2-2*01	IGHV4-3*01	NA	NA	NA	NA	NA	NA	NA	NA	NA	NA	NA	NA	NA	NA
215	NA	IGHJ2-3*01	IGHV4-3*01	NA	NA	NA	NA	NA	NA	NA	NA	NA	NA	NA	NA	NA	NA
216	NA	IGHJ2-4*01	IGHV4-3*01	NA	NA	NA	NA	NA	NA	NA	NA	NA	NA	NA	NA	NA	NA
217	NA	IGHJ2-5*01	IGHV4-3*01	NA	NA	NA	NA	NA	NA	NA	NA	NA	NA	NA	NA	NA	NA
218	IGHD2-5*01	IGHJ2-1*01	IGHV4-5*01	NA	NA	NA	NA	NA	NA	NA	NA	NA	NA	NA	NA	NA	NA
219	IGHD2-5*01	IGHJ2-2*01	IGHV4-5*01	NA	NA	NA	NA	NA	NA	NA	NA	NA	NA	NA	NA	NA	NA
220	IGHD2-5*01	IGHJ2-4*01	IGHV4-5*01	NA	NA	NA	NA	NA	NA	NA	NA	NA	NA	NA	NA	NA	NA
221	IGHD2-5*01	IGHJ2-5*01	IGHV4-5*01	NA	NA	NA	NA	NA	NA	NA	NA	NA	NA	NA	NA	NA	NA
222	NA	IGHJ1-2*01	IGHV4-5*01	NA	NA	NA	NA	NA	NA	NA	NA	NA	NA	NA	NA	NA	NA
223	NA	IGHJ2-1*01	IGHV4-5*01	NA	NA	NA	NA	NA	NA	NA	NA	NA	NA	NA	NA	NA	NA
224	NA	IGHJ2-2*01	IGHV4-5*01	NA	NA	NA	NA	NA	NA	NA	NA	NA	NA	NA	NA	NA	NA
225	NA	IGHJ2-3*01	IGHV4-5*01	NA	NA	NA	NA	NA	NA	NA	NA	NA	NA	NA	NA	NA	NA
226	NA	IGHJ2-4*01	IGHV4-5*01	NA	NA	NA	NA	NA	NA	NA	NA	NA	NA	NA	NA	NA	NA
227	NA	IGHJ2-5*01	IGHV4-5*01	NA	NA	NA	NA	NA	NA	NA	NA	NA	NA	NA	NA	NA	NA
228	IGHD1-2*01	IGHJ2-5*01	IGHV4-6*01	NA	NA	NA	NA	NA	NA	NA	NA	NA	NA	NA	NA	NA	NA
229	IGHD2-1*01	IGHJ2-5*01	IGHV4-6*01	NA	NA	NA	NA	NA	NA	NA	NA	NA	NA	NA	NA	NA	NA
230	IGHD2-4*01	IGHJ2-1*01	IGHV4-6*01	NA	NA	NA	NA	NA	NA	NA	NA	NA	NA	NA	NA	NA	NA
231	IGHD2-4*01	IGHJ2-5*01	IGHV4-6*01	NA	NA	NA	NA	NA	NA	NA	NA	NA	NA	NA	NA	NA	NA
232	IGHD2-5*01	IGHJ2-1*01	IGHV4-6*01	NA	NA	NA	NA	NA	NA	NA	NA	NA	NA	NA	NA	NA	NA
233	IGHD2-5*01	IGHJ2-4*01	IGHV4-6*01	NA	NA	NA	NA	NA	NA	NA	NA	NA	NA	NA	NA	NA	NA
234	IGHD2-5*01	IGHJ2-5*01	IGHV4-6*01	NA	NA	NA	NA	NA	NA	NA	NA	NA	NA	NA	NA	NA	NA
235	NA	IGHJ2-1*01	IGHV4-6*01	NA	NA	NA	NA	NA	NA	NA	NA	NA	NA	NA	NA	NA	NA
236	NA	IGHJ2-2*01	IGHV4-6*01	NA	NA	NA	NA	NA	NA	NA	NA	NA	NA	NA	NA	NA	NA
237	NA	IGHJ2-3*01	IGHV4-6*01	NA	NA	NA	NA	NA	NA	NA	NA	NA	NA	NA	NA	NA	NA
238	NA	IGHJ2-4*01	IGHV4-6*01	NA	NA	NA	NA	NA	NA	NA	NA	NA	NA	NA	NA	NA	NA
239	NA	IGHJ2-5*01	IGHV4-6*01	NA	NA	NA	NA	NA	NA	NA	NA	NA	NA	NA	NA	NA	NA
240	IGHD2-5*01	IGHJ2-2*01	IGHV4-7*01	NA	NA	NA	NA	NA	NA	NA	NA	NA	NA	NA	NA	NA	NA
241	NA	IGHJ2-1*01	IGHV4-7*01	NA	NA	NA	NA	NA	NA	NA	NA	NA	NA	NA	NA	NA	NA
242	NA	IGHJ2-2*01	IGHV4-7*01	NA	NA	NA	NA	NA	NA	NA	NA	NA	NA	NA	NA	NA	NA
243	NA	IGHJ2-3*01	IGHV4-7*01	NA	NA	NA	NA	NA	NA	NA	NA	NA	NA	NA	NA	NA	NA
244	NA	IGHJ2-4*01	IGHV4-7*01	NA	NA	NA	NA	NA	NA	NA	NA	NA	NA	NA	NA	NA	NA
245	NA	IGHJ2-5*01	IGHV4-7*01	NA	NA	NA	NA	NA	NA	NA	NA	NA	NA	NA	NA	NA	NA
246	IGHD1-2*01	IGHJ2-4*01	IGHV4-8*01	NA	NA	NA	NA	NA	NA	NA	NA	NA	NA	NA	NA	NA	NA
247	IGHD2-1*01	IGHJ2-2*01	IGHV4-8*01	NA	NA	NA	NA	NA	NA	NA	NA	NA	NA	NA	NA	NA	NA
248	IGHD2-2*01	IGHJ2-4*01	IGHV4-8*01	NA	NA	NA	NA	NA	NA	NA	NA	NA	NA	NA	NA	NA	NA
249	IGHD2-2*01	IGHJ2-5*01	IGHV4-8*01	NA	NA	NA	NA	NA	NA	NA	NA	NA	NA	NA	NA	NA	NA
250	IGHD2-4*01	IGHJ2-1*01	IGHV4-8*01	NA	NA	NA	NA	NA	NA	NA	NA	NA	NA	NA	NA	NA	NA
251	IGHD2-4*01	IGHJ2-2*01	IGHV4-8*01	NA	NA	NA	NA	NA	NA	NA	NA	NA	NA	NA	NA	NA	NA
252	IGHD2-4*01	IGHJ2-4*01	IGHV4-8*01	NA	NA	NA	NA	NA	NA	NA	NA	NA	NA	NA	NA	NA	NA
253	IGHD2-4*01	IGHJ2-5*01	IGHV4-8*01	NA	NA	NA	NA	NA	NA	NA	NA	NA	NA	NA	NA	NA	NA
254	IGHD2-5*01	IGHJ2-1*01	IGHV4-8*01	NA	NA	NA	NA	NA	NA	NA	NA	NA	NA	NA	NA	NA	NA
255	IGHD2-5*01	IGHJ2-2*01	IGHV4-8*01	NA	NA	NA	NA	NA	NA	NA	NA	NA	NA	NA	NA	NA	NA
256	IGHD2-5*01	IGHJ2-3*01	IGHV4-8*01	NA	NA	NA	NA	NA	NA	NA	NA	NA	NA	NA	NA	NA	NA
257	IGHD2-5*01	IGHJ2-4*01	IGHV4-8*01	NA	NA	NA	NA	NA	NA	NA	NA	NA	NA	NA	NA	NA	NA
258	IGHD2-5*01	IGHJ2-5*01	IGHV4-8*01	NA	NA	NA	NA	NA	NA	NA	NA	NA	NA	NA	NA	NA	NA
259	NA	IGHJ1-1*01	IGHV4-8*01	NA	NA	NA	NA	NA	NA	NA	NA	NA	NA	NA	NA	NA	NA
260	NA	IGHJ1-2*01	IGHV4-8*01	NA	NA	NA	NA	NA	NA	NA	NA	NA	NA	NA	NA	NA	NA
261	NA	IGHJ2-1*01	IGHV4-8*01	NA	NA	NA	NA	NA	NA	NA	NA	NA	NA	NA	NA	NA	NA
262	NA	IGHJ2-2*01	IGHV4-8*01	NA	NA	NA	NA	NA	NA	NA	NA	NA	NA	NA	NA	NA	NA
263	NA	IGHJ2-3*01	IGHV4-8*01	NA	NA	NA	NA	NA	NA	NA	NA	NA	NA	NA	NA	NA	NA
264	NA	IGHJ2-4*01	IGHV4-8*01	NA	NA	NA	NA	NA	NA	NA	NA	NA	NA	NA	NA	NA	NA
265	NA	IGHJ2-5*01	IGHV4-8*01	NA	NA	NA	NA	NA	NA	NA	NA	NA	NA	NA	NA	NA	NA
266	IGHD2-5*01	IGHJ2-1*01	IGHV4-9*01	NA	NA	NA	NA	NA	NA	NA	NA	NA	NA	NA	NA	NA	NA
267	IGHD2-5*01	IGHJ2-4*01	IGHV4-9*01	NA	NA	NA	NA	NA	NA	NA	NA	NA	NA	NA	NA	NA	NA
268	NA	IGHJ2-1*01	IGHV4-9*01	NA	NA	NA	NA	NA	NA	NA	NA	NA	NA	NA	NA	NA	NA
269	NA	IGHJ2-2*01	IGHV4-9*01	NA	NA	NA	NA	NA	NA	NA	NA	NA	NA	NA	NA	NA	NA
270	NA	IGHJ2-3*01	IGHV4-9*01	NA	NA	NA	NA	NA	NA	NA	NA	NA	NA	NA	NA	NA	NA
271	NA	IGHJ2-4*01	IGHV4-9*01	NA	NA	NA	NA	NA	NA	NA	NA	NA	NA	NA	NA	NA	NA
272	NA	IGHJ2-5*01	IGHV4-9*01	NA	NA	NA	NA	NA	NA	NA	NA	NA	NA	NA	NA	NA	NA
273	IGHD2-1*01	IGHJ2-1*01	IGHV5-1*01	NA	NA	NA	NA	NA	NA	NA	NA	NA	NA	NA	NA	NA	NA
274	IGHD2-2*01	IGHJ2-1*01	IGHV5-1*01	NA	NA	NA	NA	NA	NA	NA	NA	NA	NA	NA	NA	NA	NA
275	IGHD2-4*01	IGHJ2-1*01	IGHV5-1*01	NA	NA	NA	NA	NA	NA	NA	NA	NA	NA	NA	NA	NA	NA
276	IGHD2-5*01	IGHJ2-1*01	IGHV5-1*01	NA	NA	NA	NA	NA	NA	NA	NA	NA	NA	NA	NA	NA	NA
277	IGHD2-5*01	IGHJ2-4*01	IGHV5-1*01	NA	NA	NA	NA	NA	NA	NA	NA	NA	NA	NA	NA	NA	NA
278	IGHD2-5*01	IGHJ2-5*01	IGHV5-1*01	NA	NA	NA	NA	NA	NA	NA	NA	NA	NA	NA	NA	NA	NA
279	NA	IGHJ2-1*01	IGHV5-1*01	NA	NA	NA	NA	NA	NA	NA	NA	NA	NA	NA	NA	NA	NA
280	NA	IGHJ2-2*01	IGHV5-1*01	NA	NA	NA	NA	NA	NA	NA	NA	NA	NA	NA	NA	NA	NA
281	NA	IGHJ2-3*01	IGHV5-1*01	NA	NA	NA	NA	NA	NA	NA	NA	NA	NA	NA	NA	NA	NA
282	NA	IGHJ2-4*01	IGHV5-1*01	NA	NA	NA	NA	NA	NA	NA	NA	NA	NA	NA	NA	NA	NA
283	NA	IGHJ2-5*01	IGHV5-1*01	NA	NA	NA	NA	NA	NA	NA	NA	NA	NA	NA	NA	NA	NA
284	IGHD2-1*01	IGHJ2-4*01	IGHV5-2*01	NA	NA	NA	NA	NA	NA	NA	NA	NA	NA	NA	NA	NA	NA
285	IGHD2-4*01	IGHJ2-1*01	IGHV5-2*01	NA	NA	NA	NA	NA	NA	NA	NA	NA	NA	NA	NA	NA	NA
286	IGHD2-5*01	IGHJ2-1*01	IGHV5-2*01	NA	NA	NA	NA	NA	NA	NA	NA	NA	NA	NA	NA	NA	NA
287	IGHD2-5*01	IGHJ2-4*01	IGHV5-2*01	NA	NA	NA	NA	NA	NA	NA	NA	NA	NA	NA	NA	NA	NA
288	IGHD2-5*01	IGHJ2-5*01	IGHV5-2*01	NA	NA	NA	NA	NA	NA	NA	NA	NA	NA	NA	NA	NA	NA
289	NA	IGHJ2-1*01	IGHV5-2*01	NA	NA	NA	NA	NA	NA	NA	NA	NA	NA	NA	NA	NA	NA
290	NA	IGHJ2-2*01	IGHV5-2*01	NA	NA	NA	NA	NA	NA	NA	NA	NA	NA	NA	NA	NA	NA
291	NA	IGHJ2-3*01	IGHV5-2*01	NA	NA	NA	NA	NA	NA	NA	NA	NA	NA	NA	NA	NA	NA
292	NA	IGHJ2-4*01	IGHV5-2*01	NA	NA	NA	NA	NA	NA	NA	NA	NA	NA	NA	NA	NA	NA
293	NA	IGHJ2-5*01	IGHV5-2*01	NA	NA	NA	NA	NA	NA	NA	NA	NA	NA	NA	NA	NA	NA
294	IGHD2-4*01	IGHJ2-1*01	IGHV5-3*01	NA	NA	NA	NA	NA	NA	NA	NA	NA	NA	NA	NA	NA	NA
295	IGHD2-5*01	IGHJ2-1*01	IGHV5-3*01	NA	NA	NA	NA	NA	NA	NA	NA	NA	NA	NA	NA	NA	NA
296	IGHD2-5*01	IGHJ2-5*01	IGHV5-3*01	NA	NA	NA	NA	NA	NA	NA	NA	NA	NA	NA	NA	NA	NA
297	NA	IGHJ2-1*01	IGHV5-3*01	NA	NA	NA	NA	NA	NA	NA	NA	NA	NA	NA	NA	NA	NA
298	NA	IGHJ2-2*01	IGHV5-3*01	NA	NA	NA	NA	NA	NA	NA	NA	NA	NA	NA	NA	NA	NA
299	NA	IGHJ2-4*01	IGHV5-3*01	NA	NA	NA	NA	NA	NA	NA	NA	NA	NA	NA	NA	NA	NA
300	NA	IGHJ2-5*01	IGHV5-3*01	NA	NA	NA	NA	NA	NA	NA	NA	NA	NA	NA	NA	NA	NA
301	IGHD2-5*01	IGHJ2-1*01	IGHV5-4*01	NA	NA	NA	NA	NA	NA	NA	NA	NA	NA	NA	NA	NA	NA
302	NA	IGHJ2-1*01	IGHV5-4*01	NA	NA	NA	NA	NA	NA	NA	NA	NA	NA	NA	NA	NA	NA
303	NA	IGHJ2-2*01	IGHV5-4*01	NA	NA	NA	NA	NA	NA	NA	NA	NA	NA	NA	NA	NA	NA
304	NA	IGHJ2-3*01	IGHV5-4*01	NA	NA	NA	NA	NA	NA	NA	NA	NA	NA	NA	NA	NA	NA
305	NA	IGHJ2-4*01	IGHV5-4*01	NA	NA	NA	NA	NA	NA	NA	NA	NA	NA	NA	NA	NA	NA
306	NA	IGHJ2-5*01	IGHV5-4*01	NA	NA	NA	NA	NA	NA	NA	NA	NA	NA	NA	NA	NA	NA
307	IGHD2-4*01	IGHJ2-1*01	IGHV5-5*01	NA	NA	NA	NA	NA	NA	NA	NA	NA	NA	NA	NA	NA	NA
308	IGHD2-5*01	IGHJ2-1*01	IGHV5-5*01	NA	NA	NA	NA	NA	NA	NA	NA	NA	NA	NA	NA	NA	NA
309	IGHD2-5*01	IGHJ2-4*01	IGHV5-5*01	NA	NA	NA	NA	NA	NA	NA	NA	NA	NA	NA	NA	NA	NA
310	NA	IGHJ2-1*01	IGHV5-5*01	NA	NA	NA	NA	NA	NA	NA	NA	NA	NA	NA	NA	NA	NA
311	NA	IGHJ2-2*01	IGHV5-5*01	NA	NA	NA	NA	NA	NA	NA	NA	NA	NA	NA	NA	NA	NA
312	NA	IGHJ2-4*01	IGHV5-5*01	NA	NA	NA	NA	NA	NA	NA	NA	NA	NA	NA	NA	NA	NA
313	NA	IGHJ2-5*01	IGHV5-5*01	NA	NA	NA	NA	NA	NA	NA	NA	NA	NA	NA	NA	NA	NA
314	IGHD2-1*01	IGHJ2-1*01	IGHV5-7*01	NA	NA	NA	NA	NA	NA	NA	NA	NA	NA	NA	NA	NA	NA
315	IGHD2-2*01	IGHJ2-1*01	IGHV5-7*01	NA	NA	NA	NA	NA	NA	NA	NA	NA	NA	NA	NA	NA	NA
316	IGHD2-4*01	IGHJ2-1*01	IGHV5-7*01	NA	NA	NA	NA	NA	NA	NA	NA	NA	NA	NA	NA	NA	NA
317	IGHD2-4*01	IGHJ2-5*01	IGHV5-7*01	NA	NA	NA	NA	NA	NA	NA	NA	NA	NA	NA	NA	NA	NA
318	IGHD2-5*01	IGHJ2-1*01	IGHV5-7*01	NA	NA	NA	NA	NA	NA	NA	NA	NA	NA	NA	NA	NA	NA
319	IGHD2-5*01	IGHJ2-2*01	IGHV5-7*01	NA	NA	NA	NA	NA	NA	NA	NA	NA	NA	NA	NA	NA	NA
320	IGHD2-5*01	IGHJ2-4*01	IGHV5-7*01	NA	NA	NA	NA	NA	NA	NA	NA	NA	NA	NA	NA	NA	NA
321	NA	IGHJ2-1*01	IGHV5-7*01	NA	NA	NA	NA	NA	NA	NA	NA	NA	NA	NA	NA	NA	NA
322	NA	IGHJ2-2*01	IGHV5-7*01	NA	NA	NA	NA	NA	NA	NA	NA	NA	NA	NA	NA	NA	NA
323	NA	IGHJ2-3*01	IGHV5-7*01	NA	NA	NA	NA	NA	NA	NA	NA	NA	NA	NA	NA	NA	NA
324	NA	IGHJ2-4*01	IGHV5-7*01	NA	NA	NA	NA	NA	NA	NA	NA	NA	NA	NA	NA	NA	NA
325	NA	IGHJ2-5*01	IGHV5-7*01	NA	NA	NA	NA	NA	NA	NA	NA	NA	NA	NA	NA	NA	NA
326	IGHD2-4*01	IGHJ2-1*01	IGHV5-8*01	NA	NA	NA	NA	NA	NA	NA	NA	NA	NA	NA	NA	NA	NA
327	IGHD2-5*01	IGHJ2-1*01	IGHV5-8*01	NA	NA	NA	NA	NA	NA	NA	NA	NA	NA	NA	NA	NA	NA
328	NA	IGHJ2-1*01	IGHV5-8*01	NA	NA	NA	NA	NA	NA	NA	NA	NA	NA	NA	NA	NA	NA
329	NA	IGHJ2-2*01	IGHV5-8*01	NA	NA	NA	NA	NA	NA	NA	NA	NA	NA	NA	NA	NA	NA
330	NA	IGHJ2-4*01	IGHV5-8*01	NA	NA	NA	NA	NA	NA	NA	NA	NA	NA	NA	NA	NA	NA
331	NA	IGHJ2-5*01	IGHV5-8*01	NA	NA	NA	NA	NA	NA	NA	NA	NA	NA	NA	NA	NA	NA
332	IGHD2-4*01	IGHJ2-1*01	IGHV6-1*01	NA	NA	NA	NA	NA	NA	NA	NA	NA	NA	NA	NA	NA	NA
333	IGHD2-4*01	IGHJ2-4*01	IGHV6-1*01	NA	NA	NA	NA	NA	NA	NA	NA	NA	NA	NA	NA	NA	NA
334	NA	IGHJ2-1*01	IGHV6-1*01	NA	NA	NA	NA	NA	NA	NA	NA	NA	NA	NA	NA	NA	NA
335	NA	IGHJ2-2*01	IGHV6-1*01	NA	NA	NA	NA	NA	NA	NA	NA	NA	NA	NA	NA	NA	NA
336	NA	IGHJ2-4*01	IGHV6-1*01	NA	NA	NA	NA	NA	NA	NA	NA	NA	NA	NA	NA	NA	NA
337	NA	IGHJ2-5*01	IGHV6-1*01	NA	NA	NA	NA	NA	NA	NA	NA	NA	NA	NA	NA	NA	NA
338	IGHD2-4*01	IGHJ2-1*01	IGHV6-2*01	NA	NA	NA	NA	NA	NA	NA	NA	NA	NA	NA	NA	NA	NA
339	IGHD2-5*01	IGHJ2-1*01	IGHV6-2*01	NA	NA	NA	NA	NA	NA	NA	NA	NA	NA	NA	NA	NA	NA
340	IGHD2-5*01	IGHJ2-4*01	IGHV6-2*01	NA	NA	NA	NA	NA	NA	NA	NA	NA	NA	NA	NA	NA	NA
341	IGHD2-5*01	IGHJ2-5*01	IGHV6-2*01	NA	NA	NA	NA	NA	NA	NA	NA	NA	NA	NA	NA	NA	NA
342	NA	IGHJ1-1*01	IGHV6-2*01	NA	NA	NA	NA	NA	NA	NA	NA	NA	NA	NA	NA	NA	NA
343	NA	IGHJ1-2*01	IGHV6-2*01	NA	NA	NA	NA	NA	NA	NA	NA	NA	NA	NA	NA	NA	NA
344	NA	IGHJ2-1*01	IGHV6-2*01	NA	NA	NA	NA	NA	NA	NA	NA	NA	NA	NA	NA	NA	NA
345	NA	IGHJ2-2*01	IGHV6-2*01	NA	NA	NA	NA	NA	NA	NA	NA	NA	NA	NA	NA	NA	NA
346	NA	IGHJ2-3*01	IGHV6-2*01	NA	NA	NA	NA	NA	NA	NA	NA	NA	NA	NA	NA	NA	NA
347	NA	IGHJ2-4*01	IGHV6-2*01	NA	NA	NA	NA	NA	NA	NA	NA	NA	NA	NA	NA	NA	NA
348	NA	IGHJ2-5*01	IGHV6-2*01	NA	NA	NA	NA	NA	NA	NA	NA	NA	NA	NA	NA	NA	NA
349	IGHD1-2*01	IGHJ2-1*01	IGHV7-1*01	NA	NA	NA	NA	NA	NA	NA	NA	NA	NA	NA	NA	NA	NA
350	IGHD2-1*01	IGHJ2-2*01	IGHV7-1*01	NA	NA	NA	NA	NA	NA	NA	NA	NA	NA	NA	NA	NA	NA
351	IGHD2-2*01	IGHJ2-1*01	IGHV7-1*01	NA	NA	NA	NA	NA	NA	NA	NA	NA	NA	NA	NA	NA	NA
352	IGHD2-2*01	IGHJ2-2*01	IGHV7-1*01	NA	NA	NA	NA	NA	NA	NA	NA	NA	NA	NA	NA	NA	NA
353	IGHD2-2*01	IGHJ2-5*01	IGHV7-1*01	NA	NA	NA	NA	NA	NA	NA	NA	NA	NA	NA	NA	NA	NA
354	IGHD2-3*01	IGHJ2-2*01	IGHV7-1*01	NA	NA	NA	NA	NA	NA	NA	NA	NA	NA	NA	NA	NA	NA
355	IGHD2-4*01	IGHJ2-1*01	IGHV7-1*01	NA	NA	NA	NA	NA	NA	NA	NA	NA	NA	NA	NA	NA	NA
356	IGHD2-4*01	IGHJ2-3*01	IGHV7-1*01	NA	NA	NA	NA	NA	NA	NA	NA	NA	NA	NA	NA	NA	NA
357	IGHD2-5*01	IGHJ2-1*01	IGHV7-1*01	NA	NA	NA	NA	NA	NA	NA	NA	NA	NA	NA	NA	NA	NA
358	IGHD2-5*01	IGHJ2-2*01	IGHV7-1*01	NA	NA	NA	NA	NA	NA	NA	NA	NA	NA	NA	NA	NA	NA
359	IGHD2-5*01	IGHJ2-3*01	IGHV7-1*01	NA	NA	NA	NA	NA	NA	NA	NA	NA	NA	NA	NA	NA	NA
360	IGHD2-5*01	IGHJ2-4*01	IGHV7-1*01	NA	NA	NA	NA	NA	NA	NA	NA	NA	NA	NA	NA	NA	NA
361	IGHD2-5*01	IGHJ2-5*01	IGHV7-1*01	NA	NA	NA	NA	NA	NA	NA	NA	NA	NA	NA	NA	NA	NA
362	NA	IGHJ2-1*01	IGHV7-1*01	NA	NA	NA	NA	NA	NA	NA	NA	NA	NA	NA	NA	NA	NA
363	NA	IGHJ2-2*01	IGHV7-1*01	NA	NA	NA	NA	NA	NA	NA	NA	NA	NA	NA	NA	NA	NA
364	NA	IGHJ2-3*01	IGHV7-1*01	NA	NA	NA	NA	NA	NA	NA	NA	NA	NA	NA	NA	NA	NA
365	NA	IGHJ2-4*01	IGHV7-1*01	NA	NA	NA	NA	NA	NA	NA	NA	NA	NA	NA	NA	NA	NA
366	NA	IGHJ2-5*01	IGHV7-1*01	NA	NA	NA	NA	NA	NA	NA	NA	NA	NA	NA	NA	NA	NA
367	IGHD2-5*01	IGHJ2-1*01	IGHV8-1*01	NA	NA	NA	NA	NA	NA	NA	NA	NA	NA	NA	NA	NA	NA
368	IGHD2-5*01	IGHJ2-2*01	IGHV8-1*01	NA	NA	NA	NA	NA	NA	NA	NA	NA	NA	NA	NA	NA	NA
369	IGHD2-5*01	IGHJ2-4*01	IGHV8-1*01	NA	NA	NA	NA	NA	NA	NA	NA	NA	NA	NA	NA	NA	NA
370	NA	IGHJ2-1*01	IGHV8-1*01	NA	NA	NA	NA	NA	NA	NA	NA	NA	NA	NA	NA	NA	NA
371	NA	IGHJ2-2*01	IGHV8-1*01	NA	NA	NA	NA	NA	NA	NA	NA	NA	NA	NA	NA	NA	NA
372	NA	IGHJ2-3*01	IGHV8-1*01	NA	NA	NA	NA	NA	NA	NA	NA	NA	NA	NA	NA	NA	NA
373	NA	IGHJ2-4*01	IGHV8-1*01	NA	NA	NA	NA	NA	NA	NA	NA	NA	NA	NA	NA	NA	NA
374	NA	IGHJ2-5*01	IGHV8-1*01	NA	NA	NA	NA	NA	NA	NA	NA	NA	NA	NA	NA	NA	NA
375	IGHD2-2*01	IGHJ2-2*01	IGHV8-2*01	NA	NA	NA	NA	NA	NA	NA	NA	NA	NA	NA	NA	NA	NA
376	IGHD2-4*01	IGHJ2-5*01	IGHV8-2*01	NA	NA	NA	NA	NA	NA	NA	NA	NA	NA	NA	NA	NA	NA
377	IGHD2-5*01	IGHJ2-1*01	IGHV8-2*01	NA	NA	NA	NA	NA	NA	NA	NA	NA	NA	NA	NA	NA	NA
378	IGHD2-5*01	IGHJ2-4*01	IGHV8-2*01	NA	NA	NA	NA	NA	NA	NA	NA	NA	NA	NA	NA	NA	NA
379	NA	IGHJ1-2*01	IGHV8-2*01	NA	NA	NA	NA	NA	NA	NA	NA	NA	NA	NA	NA	NA	NA
380	NA	IGHJ2-1*01	IGHV8-2*01	NA	NA	NA	NA	NA	NA	NA	NA	NA	NA	NA	NA	NA	NA
381	NA	IGHJ2-2*01	IGHV8-2*01	NA	NA	NA	NA	NA	NA	NA	NA	NA	NA	NA	NA	NA	NA
382	NA	IGHJ2-3*01	IGHV8-2*01	NA	NA	NA	NA	NA	NA	NA	NA	NA	NA	NA	NA	NA	NA
383	NA	IGHJ2-4*01	IGHV8-2*01	NA	NA	NA	NA	NA	NA	NA	NA	NA	NA	NA	NA	NA	NA
384	NA	IGHJ2-5*01	IGHV8-2*01	NA	NA	NA	NA	NA	NA	NA	NA	NA	NA	NA	NA	NA	NA
385	IGHD2-4*01	IGHJ2-1*01	IGHV8-3*01	NA	NA	NA	NA	NA	NA	NA	NA	NA	NA	NA	NA	NA	NA
386	IGHD2-5*01	IGHJ2-1*01	IGHV8-3*01	NA	NA	NA	NA	NA	NA	NA	NA	NA	NA	NA	NA	NA	NA
387	IGHD2-5*01	IGHJ2-2*01	IGHV8-3*01	NA	NA	NA	NA	NA	NA	NA	NA	NA	NA	NA	NA	NA	NA
388	IGHD2-5*01	IGHJ2-4*01	IGHV8-3*01	NA	NA	NA	NA	NA	NA	NA	NA	NA	NA	NA	NA	NA	NA
389	IGHD2-5*01	IGHJ2-5*01	IGHV8-3*01	NA	NA	NA	NA	NA	NA	NA	NA	NA	NA	NA	NA	NA	NA
390	NA	IGHJ2-1*01	IGHV8-3*01	NA	NA	NA	NA	NA	NA	NA	NA	NA	NA	NA	NA	NA	NA
391	NA	IGHJ2-2*01	IGHV8-3*01	NA	NA	NA	NA	NA	NA	NA	NA	NA	NA	NA	NA	NA	NA
392	NA	IGHJ2-3*01	IGHV8-3*01	NA	NA	NA	NA	NA	NA	NA	NA	NA	NA	NA	NA	NA	NA
393	NA	IGHJ2-4*01	IGHV8-3*01	NA	NA	NA	NA	NA	NA	NA	NA	NA	NA	NA	NA	NA	NA
394	NA	IGHJ2-5*01	IGHV8-3*01	NA	NA	NA	NA	NA	NA	NA	NA	NA	NA	NA	NA	NA	NA
395	IGHD2-2*01	IGHJ2-4*01	IGHV8-4*01	NA	NA	NA	NA	NA	NA	NA	NA	NA	NA	NA	NA	NA	NA
396	IGHD2-4*01	IGHJ2-4*01	IGHV8-4*01	NA	NA	NA	NA	NA	NA	NA	NA	NA	NA	NA	NA	NA	NA
397	IGHD2-5*01	IGHJ2-1*01	IGHV8-4*01	NA	NA	NA	NA	NA	NA	NA	NA	NA	NA	NA	NA	NA	NA
398	IGHD2-5*01	IGHJ2-2*01	IGHV8-4*01	NA	NA	NA	NA	NA	NA	NA	NA	NA	NA	NA	NA	NA	NA
399	IGHD2-5*01	IGHJ2-3*01	IGHV8-4*01	NA	NA	NA	NA	NA	NA	NA	NA	NA	NA	NA	NA	NA	NA
400	IGHD2-5*01	IGHJ2-4*01	IGHV8-4*01	NA	NA	NA	NA	NA	NA	NA	NA	NA	NA	NA	NA	NA	NA
401	NA	IGHJ1-1*01	IGHV8-4*01	NA	NA	NA	NA	NA	NA	NA	NA	NA	NA	NA	NA	NA	NA
402	NA	IGHJ1-2*01	IGHV8-4*01	NA	NA	NA	NA	NA	NA	NA	NA	NA	NA	NA	NA	NA	NA
403	NA	IGHJ2-1*01	IGHV8-4*01	NA	NA	NA	NA	NA	NA	NA	NA	NA	NA	NA	NA	NA	NA
404	NA	IGHJ2-2*01	IGHV8-4*01	NA	NA	NA	NA	NA	NA	NA	NA	NA	NA	NA	NA	NA	NA
405	NA	IGHJ2-3*01	IGHV8-4*01	NA	NA	NA	NA	NA	NA	NA	NA	NA	NA	NA	NA	NA	NA
406	NA	IGHJ2-4*01	IGHV8-4*01	NA	NA	NA	NA	NA	NA	NA	NA	NA	NA	NA	NA	NA	NA
407	NA	IGHJ2-5*01	IGHV8-4*01	NA	NA	NA	NA	NA	NA	NA	NA	NA	NA	NA	NA	NA	NA
408	NA	IGHJ2-1*01	IGHV9-1*01	NA	NA	NA	NA	NA	NA	NA	NA	NA	NA	NA	NA	NA	NA
409	NA	IGHJ2-4*01	IGHV9-1*01	NA	NA	NA	NA	NA	NA	NA	NA	NA	NA	NA	NA	NA	NA
410	IGHD2-4*01	IGHJ2-1*01	IGHV9-2*01	NA	NA	NA	NA	NA	NA	NA	NA	NA	NA	NA	NA	NA	NA
411	IGHD2-5*01	IGHJ2-1*01	IGHV9-2*01	NA	NA	NA	NA	NA	NA	NA	NA	NA	NA	NA	NA	NA	NA
412	IGHD2-5*01	IGHJ2-5*01	IGHV9-2*01	NA	NA	NA	NA	NA	NA	NA	NA	NA	NA	NA	NA	NA	NA
413	NA	IGHJ1-2*01	IGHV9-2*01	NA	NA	NA	NA	NA	NA	NA	NA	NA	NA	NA	NA	NA	NA
414	NA	IGHJ2-1*01	IGHV9-2*01	NA	NA	NA	NA	NA	NA	NA	NA	NA	NA	NA	NA	NA	NA
415	NA	IGHJ2-2*01	IGHV9-2*01	NA	NA	NA	NA	NA	NA	NA	NA	NA	NA	NA	NA	NA	NA
416	NA	IGHJ2-4*01	IGHV9-2*01	NA	NA	NA	NA	NA	NA	NA	NA	NA	NA	NA	NA	NA	NA
417	NA	IGHJ2-5*01	IGHV9-2*01	NA	NA	NA	NA	NA	NA	NA	NA	NA	NA	NA	NA	NA	NA
418	IGHD2-5*01	IGHJ2-1*01	IGHV9-3*01	NA	NA	NA	NA	NA	NA	NA	NA	NA	NA	NA	NA	NA	NA
419	IGHD2-5*01	IGHJ2-4*01	IGHV9-3*01	NA	NA	NA	NA	NA	NA	NA	NA	NA	NA	NA	NA	NA	NA
420	NA	IGHJ2-1*01	IGHV9-3*01	NA	NA	NA	NA	NA	NA	NA	NA	NA	NA	NA	NA	NA	NA
421	NA	IGHJ2-2*01	IGHV9-3*01	NA	NA	NA	NA	NA	NA	NA	NA	NA	NA	NA	NA	NA	NA
422	NA	IGHJ2-4*01	IGHV9-3*01	NA	NA	NA	NA	NA	NA	NA	NA	NA	NA	NA	NA	NA	NA
423	NA	IGHJ2-5*01	IGHV9-3*01	NA	NA	NA	NA	NA	NA	NA	NA	NA	NA	NA	NA	NA	NA
424	NA	IGHJ1-1*01	IGHV9-4*01	NA	NA	NA	NA	NA	NA	NA	NA	NA	NA	NA	NA	NA	NA
425	NA	IGHJ2-1*01	IGHV9-4*01	NA	NA	NA	NA	NA	NA	NA	NA	NA	NA	NA	NA	NA	NA
426	NA	IGHJ2-2*01	IGHV9-4*01	NA	NA	NA	NA	NA	NA	NA	NA	NA	NA	NA	NA	NA	NA
427	NA	IGHJ2-3*01	IGHV9-4*01	NA	NA	NA	NA	NA	NA	NA	NA	NA	NA	NA	NA	NA	NA
428	NA	IGHJ2-4*01	IGHV9-4*01	NA	NA	NA	NA	NA	NA	NA	NA	NA	NA	NA	NA	NA	NA
429	NA	IGHJ2-5*01	IGHV9-4*01	NA	NA	NA	NA	NA	NA	NA	NA	NA	NA	NA	NA	NA	NA
IGHV1-2*01__________IGHD1-2*01__________IGHJ2-4*01	NA	NA	NA	NA	NA	NA	NA	2.0	NA	NA	NA	NA	NA	NA	NA	NA	NA
IGHV1-2*01__________IGHD1-2*01__________IGHJ2-5*01	NA	NA	NA	NA	NA	NA	6.0	NA	NA	NA	NA	NA	NA	NA	NA	NA	NA
IGHV1-2*01__________IGHD2-2*01__________IGHJ2-1*01	NA	NA	NA	NA	NA	NA	NA	3.0	NA	1.0	NA	NA	NA	NA	NA	NA	NA
IGHV1-2*01__________IGHD2-3*01__________IGHJ2-2*01	NA	NA	NA	NA	NA	NA	1.0	NA	1.0	NA	NA	NA	NA	NA	NA	NA	NA
IGHV1-2*01__________IGHD2-4*01__________IGHJ2-1*01	NA	NA	NA	NA	1.0	2.0	NA	4.0	1.0	1.0	30.0	NA	4.0	1.0	2.0	2.0	NA
IGHV1-2*01__________IGHD2-4*01__________IGHJ2-2*01	NA	NA	NA	NA	NA	NA	1.0	NA	NA	1.0	NA	NA	NA	NA	NA	NA	NA
IGHV1-2*01__________IGHD2-4*01__________IGHJ2-4*01	NA	NA	NA	NA	NA	1.0	NA	NA	NA	16.0	NA	NA	NA	NA	NA	NA	NA
IGHV1-2*01__________IGHD2-4*01__________IGHJ2-5*01	NA	NA	NA	NA	NA	NA	NA	1.0	NA	NA	NA	1.0	NA	NA	NA	NA	NA
IGHV1-2*01__________IGHD2-5*01__________IGHJ2-1*01	NA	NA	NA	7.0	1.0	2.0	NA	1.0	NA	NA	NA	2.0	NA	NA	4.0	2.0	64.0
IGHV1-2*01__________IGHD2-5*01__________IGHJ2-2*01	NA	NA	NA	NA	NA	NA	NA	NA	NA	NA	NA	1.0	NA	NA	NA	NA	NA
IGHV1-2*01__________IGHD2-5*01__________IGHJ2-4*01	NA	NA	NA	NA	4.0	NA	NA	NA	NA	NA	NA	NA	NA	NA	NA	5.0	NA
IGHV1-2*01__________IGHD2-5*01__________IGHJ2-5*01	NA	NA	NA	5.0	NA	3.0	NA	NA	NA	NA	NA	2.0	NA	NA	NA	1.0	NA
IGHV1-2*01__________NA__________IGHJ1-2*01	NA	NA	NA	NA	NA	NA	NA	NA	NA	NA	1.0	NA	NA	NA	NA	NA	NA
IGHV1-2*01__________NA__________IGHJ2-1*01	NA	NA	NA	239.0	879.0	353.0	401.0	341.0	157.0	483.0	385.0	278.0	1719.0	324.0	831.0	363.0	255.0
IGHV1-2*01__________NA__________IGHJ2-2*01	NA	NA	NA	443.0	379.0	112.0	249.0	172.0	82.0	1090.0	208.0	225.0	438.0	368.0	189.0	425.0	111.0
IGHV1-2*01__________NA__________IGHJ2-3*01	NA	NA	NA	11.0	22.0	6.0	15.0	22.0	4.0	24.0	25.0	36.0	28.0	11.0	52.0	35.0	1.0
IGHV1-2*01__________NA__________IGHJ2-4*01	NA	NA	NA	1629.0	280.0	131.0	254.0	303.0	93.0	2026.0	420.0	213.0	245.0	240.0	171.0	179.0	308.0
IGHV1-2*01__________NA__________IGHJ2-5*01	NA	NA	NA	161.0	218.0	81.0	170.0	105.0	108.0	1023.0	230.0	135.0	4739.0	91.0	70.0	74.0	134.0
IGHV1-3*01__________IGHD2-2*01__________IGHJ2-1*01	NA	NA	NA	NA	NA	NA	NA	NA	NA	NA	NA	NA	NA	1.0	NA	NA	NA
IGHV1-3*01__________IGHD2-2*01__________IGHJ2-2*01	NA	NA	NA	NA	NA	NA	NA	NA	NA	NA	NA	NA	NA	NA	NA	1.0	NA
IGHV1-3*01__________IGHD2-3*01__________IGHJ2-2*01	NA	NA	NA	NA	NA	NA	NA	NA	NA	NA	NA	NA	NA	NA	NA	3.0	NA
IGHV1-3*01__________IGHD2-4*01__________IGHJ2-1*01	NA	NA	NA	1.0	NA	NA	NA	NA	NA	NA	NA	1.0	NA	1.0	3.0	1.0	NA
IGHV1-3*01__________IGHD2-4*01__________IGHJ2-2*01	NA	NA	NA	NA	NA	NA	NA	NA	NA	NA	NA	1.0	NA	NA	1.0	NA	NA
IGHV1-3*01__________IGHD2-4*01__________IGHJ2-4*01	NA	NA	NA	NA	NA	NA	2.0	NA	NA	NA	NA	NA	NA	NA	NA	NA	NA
IGHV1-3*01__________IGHD2-5*01__________IGHJ2-1*01	NA	NA	NA	2.0	NA	NA	NA	2.0	NA	NA	NA	1.0	3.0	24.0	3.0	8.0	NA
IGHV1-3*01__________IGHD2-5*01__________IGHJ2-2*01	NA	NA	NA	1.0	NA	2.0	NA	NA	NA	NA	NA	NA	NA	NA	2.0	2.0	NA
IGHV1-3*01__________IGHD2-5*01__________IGHJ2-3*01	NA	NA	NA	NA	NA	NA	NA	NA	NA	NA	NA	NA	NA	NA	NA	1.0	240.0
IGHV1-3*01__________IGHD2-5*01__________IGHJ2-4*01	NA	NA	NA	1.0	NA	NA	NA	NA	NA	NA	NA	3.0	15.0	40.0	3.0	2.0	NA
IGHV1-3*01__________IGHD2-5*01__________IGHJ2-5*01	NA	NA	NA	NA	NA	NA	NA	NA	NA	NA	NA	NA	2.0	5.0	1.0	NA	NA
IGHV1-3*01__________NA__________IGHJ2-1*01	NA	NA	NA	138.0	2217.0	38.0	78.0	4510.0	9.0	2048.0	270.0	1162.0	4971.0	12636.0	4801.0	3036.0	209.0
IGHV1-3*01__________NA__________IGHJ2-2*01	NA	NA	NA	44.0	103.0	30.0	31.0	39.0	2.0	177.0	312.0	61.0	145.0	72.0	95.0	163.0	3692.0
IGHV1-3*01__________NA__________IGHJ2-3*01	NA	NA	NA	3.0	47.0	NA	19.0	16.0	NA	274.0	69.0	15.0	24.0	7.0	29.0	31.0	58.0
IGHV1-3*01__________NA__________IGHJ2-4*01	NA	NA	NA	60.0	59.0	24.0	54.0	94.0	8.0	1088.0	9076.0	99.0	116.0	137.0	480.0	122.0	1252.0
IGHV1-3*01__________NA__________IGHJ2-5*01	NA	NA	NA	19.0	54.0	19.0	33.0	34.0	NA	709.0	44.0	3324.0	419.0	39.0	129.0	1793.0	14.0
IGHV1-4*01__________IGHD2-2*01__________IGHJ2-1*01	NA	NA	NA	NA	NA	4.0	NA	NA	NA	NA	NA	NA	NA	NA	NA	NA	NA
IGHV1-4*01__________IGHD2-2*01__________IGHJ2-4*01	NA	NA	NA	NA	1.0	NA	NA	NA	NA	NA	NA	NA	NA	NA	NA	NA	NA
IGHV1-4*01__________IGHD2-2*01__________IGHJ2-5*01	NA	NA	NA	NA	1.0	NA	NA	NA	NA	NA	1.0	NA	NA	NA	NA	NA	NA
IGHV1-4*01__________IGHD2-3*01__________IGHJ2-1*01	NA	NA	NA	NA	NA	NA	NA	NA	NA	NA	NA	NA	NA	NA	NA	NA	6.0
IGHV1-4*01__________IGHD2-3*01__________IGHJ2-2*01	NA	NA	NA	NA	NA	NA	NA	NA	NA	NA	1.0	NA	NA	NA	NA	NA	NA
IGHV1-4*01__________IGHD2-4*01__________IGHJ2-1*01	NA	NA	NA	1.0	NA	NA	NA	NA	NA	NA	NA	NA	NA	NA	1.0	NA	NA
IGHV1-4*01__________IGHD2-5*01__________IGHJ2-1*01	NA	NA	NA	1.0	NA	NA	NA	1.0	NA	NA	NA	1.0	NA	NA	NA	NA	NA
IGHV1-4*01__________IGHD2-5*01__________IGHJ2-2*01	NA	NA	NA	NA	4.0	1.0	NA	NA	NA	NA	NA	NA	NA	NA	NA	NA	NA
IGHV1-4*01__________IGHD2-5*01__________IGHJ2-4*01	NA	NA	NA	NA	NA	1.0	NA	NA	NA	NA	NA	1.0	NA	NA	1.0	NA	NA
IGHV1-4*01__________NA__________IGHJ2-1*01	NA	NA	NA	52.0	111.0	145.0	155.0	57.0	42.0	531.0	165.0	240.0	54.0	64.0	100.0	14.0	34.0
IGHV1-4*01__________NA__________IGHJ2-2*01	NA	NA	NA	28.0	86.0	12.0	36.0	64.0	7.0	153.0	99.0	76.0	34.0	27.0	55.0	9.0	52.0
IGHV1-4*01__________NA__________IGHJ2-3*01	NA	NA	NA	22.0	44.0	3.0	7.0	19.0	1.0	47.0	24.0	5.0	25.0	NA	2.0	1.0	3.0
IGHV1-4*01__________NA__________IGHJ2-4*01	NA	NA	NA	27.0	327.0	10.0	92.0	106.0	26.0	225.0	77.0	67.0	237.0	9.0	37.0	9.0	21.0
IGHV1-4*01__________NA__________IGHJ2-5*01	NA	NA	NA	27.0	84.0	2.0	31.0	56.0	4.0	154.0	129.0	41.0	208.0	1.0	14.0	3.0	82.0
IGHV1-5*01__________IGHD2-2*01__________IGHJ2-5*01	NA	NA	NA	NA	NA	NA	NA	NA	NA	NA	NA	NA	NA	NA	NA	1.0	NA
IGHV1-5*01__________IGHD2-3*01__________IGHJ2-1*01	NA	NA	NA	NA	NA	NA	NA	NA	NA	NA	NA	NA	NA	NA	NA	1.0	NA
IGHV1-5*01__________IGHD2-4*01__________IGHJ2-1*01	NA	NA	NA	5.0	6.0	NA	9.0	15.0	7.0	4.0	NA	NA	3.0	2.0	1.0	15.0	NA
IGHV1-5*01__________IGHD2-4*01__________IGHJ2-2*01	NA	NA	NA	NA	NA	NA	NA	NA	NA	1.0	NA	NA	NA	NA	NA	NA	NA
IGHV1-5*01__________IGHD2-4*01__________IGHJ2-4*01	NA	NA	NA	NA	NA	NA	NA	NA	NA	NA	NA	NA	NA	1.0	NA	NA	NA
IGHV1-5*01__________IGHD2-4*01__________IGHJ2-5*01	NA	NA	NA	NA	1.0	NA	NA	NA	NA	NA	NA	NA	NA	NA	NA	NA	NA
IGHV1-5*01__________IGHD2-5*01__________IGHJ2-1*01	NA	NA	NA	NA	NA	NA	NA	5.0	NA	NA	NA	NA	1.0	NA	NA	5.0	NA
IGHV1-5*01__________IGHD2-5*01__________IGHJ2-2*01	NA	NA	NA	7.0	NA	NA	NA	NA	NA	NA	NA	8.0	NA	NA	NA	NA	NA
IGHV1-5*01__________IGHD2-5*01__________IGHJ2-3*01	NA	NA	NA	NA	NA	NA	NA	NA	NA	NA	NA	NA	NA	NA	NA	1.0	NA
IGHV1-5*01__________IGHD2-5*01__________IGHJ2-4*01	NA	NA	NA	1.0	NA	3.0	NA	NA	NA	NA	NA	NA	NA	NA	NA	NA	NA
IGHV1-5*01__________IGHD2-5*01__________IGHJ2-5*01	NA	NA	NA	6.0	NA	NA	NA	NA	NA	NA	NA	NA	NA	1.0	1.0	2.0	NA
IGHV1-5*01__________NA__________IGHJ2-1*01	NA	NA	NA	129.0	259.0	87.0	881.0	211.0	139.0	428.0	155.0	195.0	81.0	121.0	6175.0	176.0	161.0
IGHV1-5*01__________NA__________IGHJ2-2*01	NA	NA	NA	60.0	275.0	59.0	421.0	233.0	135.0	399.0	284.0	173.0	112.0	661.0	332.0	145.0	102.0
IGHV1-5*01__________NA__________IGHJ2-3*01	NA	NA	NA	36.0	105.0	50.0	38.0	85.0	21.0	50.0	72.0	60.0	961.0	17.0	9.0	31.0	13.0
IGHV1-5*01__________NA__________IGHJ2-4*01	NA	NA	NA	60.0	362.0	52.0	1990.0	604.0	278.0	263.0	249.0	158.0	82.0	223.0	208.0	99.0	53.0
IGHV1-5*01__________NA__________IGHJ2-5*01	NA	NA	NA	16.0	138.0	50.0	194.0	114.0	105.0	252.0	177.0	73.0	265.0	33.0	188.0	63.0	49.0
IGHV10-1*01__________IGHD2-4*01__________IGHJ2-1*01	NA	NA	NA	NA	1.0	NA	NA	NA	1.0	NA	1.0	NA	NA	NA	NA	2.0	NA
IGHV10-1*01__________IGHD2-4*01__________IGHJ2-5*01	NA	NA	NA	NA	NA	NA	NA	2.0	NA	NA	NA	NA	NA	NA	1.0	NA	NA
IGHV10-1*01__________IGHD2-5*01__________IGHJ2-1*01	NA	NA	NA	NA	NA	NA	NA	NA	NA	NA	NA	NA	NA	NA	9.0	3.0	NA
IGHV10-1*01__________IGHD2-5*01__________IGHJ2-4*01	NA	NA	NA	NA	NA	NA	NA	NA	NA	NA	NA	NA	NA	NA	3.0	NA	NA
IGHV10-1*01__________IGHD2-5*01__________IGHJ2-5*01	NA	NA	NA	NA	NA	NA	NA	NA	NA	NA	NA	NA	NA	NA	2.0	NA	NA
IGHV10-1*01__________NA__________IGHJ2-1*01	NA	NA	NA	31.0	71.0	48.0	63.0	57.0	35.0	148.0	53.0	102.0	14.0	111.0	81.0	80.0	79.0
IGHV10-1*01__________NA__________IGHJ2-2*01	NA	NA	NA	2.0	10.0	NA	3.0	16.0	NA	53.0	5.0	10.0	1.0	6.0	10.0	58.0	NA
IGHV10-1*01__________NA__________IGHJ2-4*01	NA	NA	NA	19.0	51.0	13.0	20.0	48.0	15.0	45.0	115.0	16.0	35.0	90.0	48.0	57.0	80.0
IGHV10-1*01__________NA__________IGHJ2-5*01	NA	NA	NA	2.0	54.0	7.0	16.0	12.0	12.0	9.0	15.0	21.0	16.0	20.0	21.0	24.0	3.0
IGHV11-1*01__________IGHD2-5*01__________IGHJ2-1*01	NA	NA	NA	NA	NA	NA	NA	NA	NA	NA	NA	NA	NA	NA	53.0	NA	NA
IGHV11-1*01__________IGHD2-5*01__________IGHJ2-4*01	NA	NA	NA	NA	NA	NA	NA	NA	NA	NA	NA	NA	NA	NA	NA	NA	20.0
IGHV11-1*01__________NA__________IGHJ1-1*01	NA	NA	NA	NA	NA	NA	NA	NA	NA	NA	NA	NA	NA	1.0	NA	NA	NA
IGHV11-1*01__________NA__________IGHJ2-1*01	NA	NA	NA	19.0	23.0	1.0	17.0	8.0	NA	12.0	15.0	17.0	NA	13.0	32.0	22.0	2.0
IGHV11-1*01__________NA__________IGHJ2-2*01	NA	NA	NA	NA	NA	6.0	1.0	1.0	NA	3.0	2.0	9.0	2.0	NA	3.0	2.0	NA
IGHV11-1*01__________NA__________IGHJ2-4*01	NA	NA	NA	NA	11.0	1.0	7.0	6.0	NA	10.0	7.0	2.0	NA	25.0	9.0	5.0	NA
IGHV11-1*01__________NA__________IGHJ2-5*01	NA	NA	NA	1.0	3.0	1.0	1.0	NA	NA	2.0	4.0	4.0	NA	NA	8.0	NA	2.0
IGHV11-2*01__________IGHD2-2*01__________IGHJ2-4*01	NA	NA	NA	NA	NA	NA	NA	NA	NA	NA	NA	NA	13.0	NA	NA	NA	NA
IGHV11-2*01__________IGHD2-3*01__________IGHJ2-1*01	NA	NA	NA	NA	NA	NA	NA	4.0	NA	NA	NA	NA	NA	NA	NA	NA	NA
IGHV11-2*01__________IGHD2-4*01__________IGHJ2-1*01	NA	NA	NA	NA	NA	NA	NA	NA	NA	3.0	1.0	NA	NA	2.0	NA	NA	NA
IGHV11-2*01__________IGHD2-4*01__________IGHJ2-2*01	NA	NA	NA	NA	NA	NA	NA	NA	NA	NA	NA	NA	NA	NA	NA	1.0	NA
IGHV11-2*01__________IGHD2-4*01__________IGHJ2-5*01	NA	NA	NA	NA	NA	NA	NA	NA	NA	NA	NA	NA	NA	NA	2.0	NA	3.0
IGHV11-2*01__________IGHD2-5*01__________IGHJ2-1*01	NA	NA	NA	NA	NA	NA	NA	NA	NA	NA	NA	1.0	2.0	2.0	2.0	6.0	NA
IGHV11-2*01__________IGHD2-5*01__________IGHJ2-4*01	NA	NA	NA	NA	NA	NA	NA	NA	NA	NA	NA	NA	NA	1.0	NA	NA	NA
IGHV11-2*01__________IGHD2-5*01__________IGHJ2-5*01	NA	NA	NA	NA	NA	NA	NA	NA	NA	NA	NA	NA	NA	1.0	NA	NA	NA
IGHV11-2*01__________NA__________IGHJ1-1*01	NA	NA	NA	NA	NA	NA	NA	NA	NA	NA	NA	NA	NA	NA	NA	2.0	NA
IGHV11-2*01__________NA__________IGHJ1-2*01	NA	NA	NA	NA	NA	NA	NA	NA	NA	3.0	NA	NA	NA	NA	NA	NA	NA
IGHV11-2*01__________NA__________IGHJ2-1*01	NA	NA	NA	14.0	15.0	5.0	2.0	46.0	NA	102.0	61.0	126.0	371.0	183.0	4087.0	238.0	169.0
IGHV11-2*01__________NA__________IGHJ2-2*01	NA	NA	NA	2.0	NA	NA	NA	1.0	NA	18.0	38.0	23.0	43.0	24.0	64.0	102.0	1.0
IGHV11-2*01__________NA__________IGHJ2-3*01	NA	NA	NA	NA	NA	NA	NA	NA	NA	NA	NA	NA	NA	1.0	NA	NA	NA
IGHV11-2*01__________NA__________IGHJ2-4*01	NA	NA	NA	10.0	7.0	1.0	1.0	NA	NA	162.0	52.0	51.0	4858.0	72.0	185.0	86.0	34.0
IGHV11-2*01__________NA__________IGHJ2-5*01	NA	NA	NA	1.0	NA	3.0	1.0	1.0	NA	31.0	51.0	63.0	9.0	70.0	68.0	32.0	7.0
IGHV13-2*01__________IGHD2-1*01__________IGHJ2-4*01	NA	NA	NA	NA	NA	NA	NA	NA	NA	NA	NA	NA	13.0	1.0	NA	NA	NA
IGHV13-2*01__________IGHD2-2*01__________IGHJ2-1*01	NA	NA	NA	NA	2.0	NA	NA	NA	NA	NA	NA	NA	NA	NA	NA	NA	NA
IGHV13-2*01__________IGHD2-4*01__________IGHJ2-1*01	NA	NA	NA	1.0	NA	NA	NA	2.0	NA	NA	NA	NA	NA	NA	2.0	1.0	NA
IGHV13-2*01__________IGHD2-4*01__________IGHJ2-4*01	NA	NA	NA	NA	NA	NA	NA	NA	NA	NA	1.0	NA	NA	NA	NA	NA	1.0
IGHV13-2*01__________IGHD2-4*01__________IGHJ2-5*01	NA	NA	NA	NA	NA	NA	NA	NA	NA	NA	NA	NA	NA	2.0	NA	NA	NA
IGHV13-2*01__________IGHD2-5*01__________IGHJ2-1*01	NA	NA	NA	4.0	NA	7.0	NA	NA	NA	NA	NA	4.0	NA	5.0	954.0	10.0	NA
IGHV13-2*01__________IGHD2-5*01__________IGHJ2-2*01	NA	NA	NA	NA	NA	NA	NA	NA	NA	NA	NA	NA	NA	NA	NA	1.0	NA
IGHV13-2*01__________IGHD2-5*01__________IGHJ2-4*01	NA	NA	NA	1.0	NA	NA	NA	1.0	NA	NA	NA	NA	NA	7.0	3.0	4.0	NA
IGHV13-2*01__________IGHD2-5*01__________IGHJ2-5*01	NA	NA	NA	NA	NA	NA	NA	NA	NA	NA	NA	NA	NA	NA	NA	1.0	NA
IGHV13-2*01__________NA__________IGHJ1-1*01	NA	NA	NA	NA	NA	NA	NA	NA	NA	1.0	NA	NA	NA	NA	NA	NA	NA
IGHV13-2*01__________NA__________IGHJ1-2*01	NA	NA	NA	NA	NA	NA	1.0	NA	NA	NA	1.0	1.0	NA	NA	NA	NA	NA
IGHV13-2*01__________NA__________IGHJ2-1*01	NA	NA	NA	252.0	521.0	205.0	193.0	257.0	NA	462.0	225.0	161.0	12558.0	299.0	467.0	487.0	186.0
IGHV13-2*01__________NA__________IGHJ2-2*01	NA	NA	NA	27.0	46.0	8.0	7.0	95.0	NA	24.0	26.0	22.0	1873.0	19.0	56.0	176.0	33.0
IGHV13-2*01__________NA__________IGHJ2-3*01	NA	NA	NA	NA	NA	NA	NA	NA	NA	NA	NA	NA	NA	1.0	NA	3.0	NA
IGHV13-2*01__________NA__________IGHJ2-4*01	NA	NA	NA	135.0	252.0	76.0	101.0	255.0	NA	139.0	125.0	80.0	77.0	118.0	204.0	239.0	93.0
IGHV13-2*01__________NA__________IGHJ2-5*01	NA	NA	NA	94.0	160.0	289.0	53.0	131.0	NA	134.0	128.0	104.0	34.0	128.0	96.0	152.0	39.0
IGHV14-1*01__________IGHD1-2*01__________IGHJ1-1*01	NA	NA	NA	NA	NA	NA	NA	NA	NA	NA	NA	NA	NA	NA	NA	NA	1.0
IGHV14-1*01__________IGHD1-2*01__________IGHJ1-2*01	NA	NA	NA	NA	NA	NA	NA	2.0	NA	NA	NA	NA	NA	NA	NA	NA	NA
IGHV14-1*01__________IGHD1-2*01__________IGHJ2-1*01	NA	NA	NA	NA	NA	NA	NA	NA	NA	NA	NA	NA	NA	NA	2.0	NA	NA
IGHV14-1*01__________IGHD1-2*01__________IGHJ2-2*01	NA	NA	NA	NA	NA	NA	1.0	NA	NA	NA	NA	NA	NA	NA	NA	NA	NA
IGHV14-1*01__________IGHD1-2*01__________IGHJ2-4*01	NA	NA	NA	NA	NA	NA	NA	NA	NA	NA	NA	NA	NA	NA	NA	1.0	NA
IGHV14-1*01__________IGHD2-1*01__________IGHJ2-3*01	NA	NA	NA	NA	NA	NA	NA	NA	NA	6.0	NA	NA	NA	NA	NA	NA	NA
IGHV14-1*01__________IGHD2-2*01__________IGHJ2-1*01	NA	NA	NA	NA	NA	NA	NA	NA	NA	NA	NA	NA	NA	NA	1.0	NA	NA
IGHV14-1*01__________IGHD2-2*01__________IGHJ2-2*01	NA	NA	NA	NA	NA	NA	NA	NA	NA	NA	NA	NA	NA	NA	2.0	NA	NA
IGHV14-1*01__________IGHD2-3*01__________IGHJ2-1*01	NA	NA	NA	NA	NA	NA	1.0	NA	NA	NA	NA	NA	NA	NA	NA	NA	NA
IGHV14-1*01__________IGHD2-3*01__________IGHJ2-4*01	NA	NA	NA	NA	NA	NA	NA	NA	NA	NA	NA	NA	NA	2.0	NA	NA	NA
IGHV14-1*01__________IGHD2-4*01__________IGHJ2-1*01	NA	NA	NA	NA	NA	NA	NA	NA	NA	2.0	2.0	NA	1.0	1.0	12.0	15.0	NA
IGHV14-1*01__________IGHD2-4*01__________IGHJ2-2*01	NA	NA	NA	NA	NA	NA	3.0	NA	NA	NA	NA	NA	NA	NA	NA	NA	NA
IGHV14-1*01__________IGHD2-5*01__________IGHJ2-1*01	NA	NA	NA	NA	NA	NA	NA	1.0	NA	NA	NA	1.0	19.0	1.0	4.0	8.0	NA
IGHV14-1*01__________IGHD2-5*01__________IGHJ2-2*01	NA	NA	NA	NA	2.0	1.0	NA	NA	NA	NA	NA	5.0	NA	3.0	15.0	1.0	NA
IGHV14-1*01__________IGHD2-5*01__________IGHJ2-3*01	NA	NA	NA	NA	NA	NA	NA	NA	NA	NA	NA	1.0	NA	NA	NA	2.0	NA
IGHV14-1*01__________IGHD2-5*01__________IGHJ2-4*01	NA	NA	NA	NA	NA	NA	NA	NA	NA	NA	NA	2.0	NA	6.0	2.0	5.0	NA
IGHV14-1*01__________IGHD2-5*01__________IGHJ2-5*01	NA	NA	NA	NA	NA	NA	NA	NA	NA	NA	NA	NA	NA	NA	NA	1.0	NA
IGHV14-1*01__________NA__________IGHJ1-1*01	NA	NA	NA	NA	NA	NA	NA	NA	NA	NA	NA	NA	NA	NA	NA	2.0	NA
IGHV14-1*01__________NA__________IGHJ2-1*01	NA	NA	NA	14.0	60.0	27.0	109.0	37.0	7.0	196.0	108.0	305.0	268.0	566.0	555.0	1494.0	1119.0
IGHV14-1*01__________NA__________IGHJ2-2*01	NA	NA	NA	27.0	80.0	36.0	53.0	67.0	89.0	655.0	238.0	310.0	1076.0	321.0	591.0	1188.0	115.0
IGHV14-1*01__________NA__________IGHJ2-3*01	NA	NA	NA	1.0	26.0	6.0	9.0	12.0	3.0	39.0	53.0	63.0	13.0	59.0	72.0	132.0	96.0
IGHV14-1*01__________NA__________IGHJ2-4*01	NA	NA	NA	20.0	75.0	27.0	166.0	37.0	16.0	434.0	504.0	189.0	2661.0	428.0	894.0	1036.0	39.0
IGHV14-1*01__________NA__________IGHJ2-5*01	NA	NA	NA	6.0	23.0	16.0	35.0	13.0	4.0	202.0	109.0	91.0	76.0	71.0	190.0	187.0	14.0
IGHV2-1*01__________IGHD2-1*01__________IGHJ2-1*01	NA	NA	NA	5.0	NA	NA	NA	NA	NA	NA	NA	NA	NA	NA	NA	1.0	NA
IGHV2-1*01__________IGHD2-2*01__________IGHJ2-1*01	NA	NA	NA	NA	NA	NA	6.0	NA	NA	NA	NA	NA	NA	NA	NA	9.0	1.0
IGHV2-1*01__________IGHD2-3*01__________IGHJ2-1*01	NA	NA	NA	NA	NA	NA	NA	NA	NA	NA	NA	NA	NA	NA	1.0	NA	NA
IGHV2-1*01__________IGHD2-3*01__________IGHJ2-4*01	NA	NA	NA	1.0	NA	NA	NA	NA	NA	NA	NA	NA	NA	NA	NA	11.0	NA
IGHV2-1*01__________IGHD2-4*01__________IGHJ2-1*01	NA	NA	NA	1.0	4.0	NA	1.0	NA	NA	2.0	4.0	NA	NA	NA	5.0	NA	3.0
IGHV2-1*01__________IGHD2-4*01__________IGHJ2-4*01	NA	NA	NA	3.0	4.0	NA	NA	NA	NA	NA	NA	NA	NA	NA	NA	NA	NA
IGHV2-1*01__________IGHD2-5*01__________IGHJ2-1*01	NA	NA	NA	16.0	5.0	6.0	NA	3.0	NA	NA	NA	9.0	2.0	11.0	6.0	12.0	NA
IGHV2-1*01__________IGHD2-5*01__________IGHJ2-4*01	NA	NA	NA	2.0	NA	NA	NA	23.0	NA	NA	NA	2.0	NA	4.0	1.0	6.0	27.0
IGHV2-1*01__________IGHD2-5*01__________IGHJ2-5*01	NA	NA	NA	NA	NA	1.0	NA	NA	NA	NA	NA	2.0	NA	NA	1.0	NA	NA
IGHV2-1*01__________NA__________IGHJ1-2*01	NA	NA	NA	NA	NA	NA	NA	NA	NA	NA	NA	1.0	NA	NA	NA	NA	NA
IGHV2-1*01__________NA__________IGHJ2-1*01	NA	NA	NA	812.0	704.0	588.0	566.0	585.0	30.0	677.0	622.0	542.0	1703.0	1196.0	1498.0	4790.0	1558.0
IGHV2-1*01__________NA__________IGHJ2-2*01	NA	NA	NA	75.0	148.0	84.0	45.0	106.0	11.0	275.0	97.0	53.0	55.0	209.0	230.0	207.0	9.0
IGHV2-1*01__________NA__________IGHJ2-3*01	NA	NA	NA	4.0	NA	5.0	NA	2.0	NA	22.0	2.0	1.0	2.0	NA	6.0	3.0	NA
IGHV2-1*01__________NA__________IGHJ2-4*01	NA	NA	NA	187.0	197.0	11018.0	170.0	127.0	11.0	549.0	153.0	176.0	625.0	363.0	249.0	382.0	31.0
IGHV2-1*01__________NA__________IGHJ2-5*01	NA	NA	NA	114.0	186.0	115.0	105.0	128.0	35.0	234.0	201.0	84.0	129.0	217.0	126.0	170.0	353.0
IGHV2-2*01__________IGHD1-2*01__________IGHJ2-5*01	NA	NA	NA	NA	NA	NA	NA	NA	NA	NA	NA	NA	NA	NA	NA	1.0	NA
IGHV2-2*01__________IGHD2-4*01__________IGHJ2-1*01	NA	NA	NA	3.0	16.0	1.0	1.0	2.0	NA	3.0	1.0	NA	1.0	NA	1.0	1.0	NA
IGHV2-2*01__________IGHD2-4*01__________IGHJ2-2*01	NA	NA	NA	NA	NA	NA	NA	NA	NA	NA	NA	NA	NA	NA	NA	1.0	NA
IGHV2-2*01__________IGHD2-4*01__________IGHJ2-4*01	NA	NA	NA	NA	1.0	NA	NA	NA	NA	NA	NA	NA	NA	NA	NA	NA	NA
IGHV2-2*01__________IGHD2-4*01__________IGHJ2-5*01	NA	NA	NA	NA	NA	NA	NA	6.0	NA	NA	NA	NA	NA	NA	NA	NA	NA
IGHV2-2*01__________IGHD2-5*01__________IGHJ2-1*01	NA	NA	NA	6.0	2.0	3.0	NA	3.0	NA	NA	NA	4.0	NA	NA	2.0	20.0	NA
IGHV2-2*01__________IGHD2-5*01__________IGHJ2-4*01	NA	NA	NA	3.0	NA	3.0	NA	NA	NA	NA	NA	NA	NA	NA	20.0	1.0	NA
IGHV2-2*01__________IGHD2-5*01__________IGHJ2-5*01	NA	NA	NA	NA	NA	NA	NA	NA	NA	NA	NA	NA	NA	NA	3.0	NA	NA
IGHV2-2*01__________NA__________IGHJ1-1*01	NA	NA	NA	NA	NA	NA	NA	NA	NA	NA	NA	NA	NA	NA	NA	1.0	NA
IGHV2-2*01__________NA__________IGHJ1-2*01	NA	NA	NA	NA	NA	NA	NA	NA	NA	1.0	NA	NA	NA	NA	NA	NA	NA
IGHV2-2*01__________NA__________IGHJ2-1*01	NA	NA	NA	212.0	315.0	286.0	500.0	200.0	88.0	181.0	220.0	223.0	67.0	204.0	540.0	417.0	3139.0
IGHV2-2*01__________NA__________IGHJ2-2*01	NA	NA	NA	136.0	112.0	35.0	8.0	70.0	1.0	56.0	85.0	57.0	780.0	1016.0	137.0	156.0	141.0
IGHV2-2*01__________NA__________IGHJ2-3*01	NA	NA	NA	1.0	1.0	NA	1.0	4.0	NA	NA	NA	NA	NA	NA	NA	17.0	NA
IGHV2-2*01__________NA__________IGHJ2-4*01	NA	NA	NA	111.0	197.0	95.0	57.0	116.0	10.0	131.0	86.0	85.0	25.0	100.0	222.0	227.0	9.0
IGHV2-2*01__________NA__________IGHJ2-5*01	NA	NA	NA	81.0	136.0	82.0	178.0	45.0	25.0	55.0	152.0	76.0	204.0	25.0	186.0	93.0	121.0
IGHV2-3*01__________NA__________IGHJ2-1*01	NA	NA	NA	NA	NA	NA	NA	NA	NA	1.0	1.0	6.0	1.0	35.0	NA	NA	11.0
IGHV2-3*01__________NA__________IGHJ2-2*01	NA	NA	NA	NA	NA	NA	NA	NA	NA	NA	NA	1.0	NA	2.0	1.0	NA	NA
IGHV2-3*01__________NA__________IGHJ2-3*01	NA	NA	NA	NA	NA	NA	NA	NA	NA	NA	NA	NA	NA	NA	NA	1.0	NA
IGHV2-3*01__________NA__________IGHJ2-4*01	NA	NA	NA	NA	NA	NA	3.0	NA	NA	6.0	2.0	1.0	NA	7.0	1.0	1.0	NA
IGHV2-3*01__________NA__________IGHJ2-5*01	NA	NA	NA	NA	NA	NA	NA	NA	NA	NA	NA	4.0	NA	3.0	2.0	NA	NA
IGHV3-2*01__________IGHD2-5*01__________IGHJ2-4*01	NA	NA	NA	NA	NA	NA	NA	NA	NA	NA	NA	NA	NA	NA	NA	1.0	NA
IGHV3-2*01__________NA__________IGHJ2-1*01	NA	NA	NA	2.0	10.0	2.0	23.0	26.0	3.0	14.0	25.0	13.0	13.0	25.0	37.0	43.0	3.0
IGHV3-2*01__________NA__________IGHJ2-2*01	NA	NA	NA	NA	NA	NA	NA	NA	NA	NA	1.0	NA	NA	NA	NA	1.0	NA
IGHV3-2*01__________NA__________IGHJ2-3*01	NA	NA	NA	NA	NA	NA	NA	NA	NA	1.0	NA	NA	NA	NA	NA	NA	NA
IGHV3-2*01__________NA__________IGHJ2-4*01	NA	NA	NA	1.0	1.0	NA	2.0	NA	7.0	3.0	NA	2.0	NA	1.0	3.0	3.0	NA
IGHV3-2*01__________NA__________IGHJ2-5*01	NA	NA	NA	3.0	2.0	NA	5.0	9.0	NA	6.0	1.0	6.0	3.0	8.0	5.0	2.0	2.0
IGHV4-1*01__________IGHD2-1*01__________IGHJ2-4*01	NA	NA	NA	NA	NA	NA	NA	2.0	NA	NA	NA	NA	NA	NA	NA	NA	NA
IGHV4-1*01__________IGHD2-2*01__________IGHJ2-1*01	NA	NA	NA	NA	NA	NA	2.0	2.0	NA	NA	NA	6.0	NA	NA	NA	NA	NA
IGHV4-1*01__________IGHD2-2*01__________IGHJ2-4*01	NA	NA	NA	NA	NA	NA	NA	NA	NA	NA	NA	NA	NA	NA	1.0	NA	NA
IGHV4-1*01__________IGHD2-3*01__________IGHJ2-1*01	NA	NA	NA	NA	4.0	NA	NA	NA	NA	NA	NA	1.0	NA	NA	NA	NA	NA
IGHV4-1*01__________IGHD2-3*01__________IGHJ2-2*01	NA	NA	NA	NA	NA	NA	1.0	NA	NA	NA	NA	NA	NA	2.0	NA	NA	NA
IGHV4-1*01__________IGHD2-3*01__________IGHJ2-4*01	NA	NA	NA	NA	NA	NA	NA	NA	NA	1.0	NA	NA	NA	NA	NA	NA	NA
IGHV4-1*01__________IGHD2-4*01__________IGHJ2-1*01	NA	NA	NA	NA	1.0	NA	5.0	1.0	NA	1.0	NA	1.0	657.0	2.0	1.0	2.0	NA
IGHV4-1*01__________IGHD2-4*01__________IGHJ2-2*01	NA	NA	NA	NA	5.0	NA	NA	NA	NA	NA	NA	NA	NA	NA	NA	NA	NA
IGHV4-1*01__________IGHD2-4*01__________IGHJ2-4*01	NA	NA	NA	NA	NA	NA	NA	NA	NA	NA	NA	NA	NA	NA	NA	NA	1.0
IGHV4-1*01__________IGHD2-4*01__________IGHJ2-5*01	NA	NA	NA	NA	NA	NA	NA	NA	NA	NA	4.0	1.0	NA	NA	NA	NA	NA
IGHV4-1*01__________IGHD2-5*01__________IGHJ2-1*01	NA	NA	NA	NA	NA	5.0	NA	NA	NA	NA	NA	7.0	NA	NA	NA	3.0	NA
IGHV4-1*01__________IGHD2-5*01__________IGHJ2-2*01	NA	NA	NA	1.0	NA	NA	NA	NA	NA	NA	NA	NA	3.0	NA	3.0	NA	NA
IGHV4-1*01__________IGHD2-5*01__________IGHJ2-4*01	NA	NA	NA	2.0	NA	NA	NA	NA	NA	NA	NA	NA	NA	1.0	NA	NA	NA
IGHV4-1*01__________IGHD2-5*01__________IGHJ2-5*01	NA	NA	NA	NA	NA	NA	NA	NA	NA	NA	NA	NA	NA	2.0	NA	NA	NA
IGHV4-1*01__________NA__________IGHJ2-1*01	NA	NA	NA	120.0	467.0	7171.0	797.0	5308.0	119.0	670.0	450.0	3294.0	204.0	303.0	334.0	177.0	237.0
IGHV4-1*01__________NA__________IGHJ2-2*01	NA	NA	NA	37.0	261.0	49.0	274.0	141.0	139.0	763.0	377.0	183.0	110.0	217.0	169.0	113.0	143.0
IGHV4-1*01__________NA__________IGHJ2-3*01	NA	NA	NA	9.0	26.0	8.0	18.0	60.0	3.0	105.0	55.0	66.0	26.0	61.0	20.0	36.0	8.0
IGHV4-1*01__________NA__________IGHJ2-4*01	NA	NA	NA	40.0	389.0	51.0	379.0	196.0	86.0	1034.0	425.0	293.0	160.0	263.0	1767.0	187.0	273.0
IGHV4-1*01__________NA__________IGHJ2-5*01	NA	NA	NA	30.0	439.0	18.0	229.0	121.0	28.0	413.0	254.0	152.0	146.0	320.0	46.0	52.0	83.0
IGHV4-2*01__________IGHD2-4*01__________IGHJ2-1*01	NA	NA	NA	NA	NA	1.0	NA	NA	NA	NA	NA	NA	NA	NA	NA	NA	NA
IGHV4-2*01__________IGHD2-4*01__________IGHJ2-5*01	NA	NA	NA	NA	NA	NA	NA	NA	NA	1.0	NA	NA	NA	NA	NA	NA	NA
IGHV4-2*01__________IGHD2-5*01__________IGHJ2-1*01	NA	NA	NA	NA	NA	NA	NA	NA	NA	NA	NA	NA	NA	1.0	NA	NA	NA
IGHV4-2*01__________IGHD2-5*01__________IGHJ2-4*01	NA	NA	NA	NA	NA	NA	NA	NA	NA	NA	NA	NA	NA	NA	NA	1.0	NA
IGHV4-2*01__________NA__________IGHJ2-1*01	NA	NA	NA	18.0	39.0	14.0	14.0	23.0	7.0	67.0	51.0	42.0	8.0	25.0	245.0	37.0	9.0
IGHV4-2*01__________NA__________IGHJ2-2*01	NA	NA	NA	1.0	15.0	2.0	1.0	21.0	NA	23.0	27.0	13.0	2.0	18.0	15.0	16.0	NA
IGHV4-2*01__________NA__________IGHJ2-4*01	NA	NA	NA	2.0	22.0	7.0	5.0	21.0	NA	64.0	28.0	26.0	2.0	12.0	39.0	29.0	51.0
IGHV4-2*01__________NA__________IGHJ2-5*01	NA	NA	NA	15.0	16.0	5.0	3.0	11.0	3.0	15.0	7.0	12.0	NA	12.0	15.0	15.0	1.0
IGHV4-3*01__________IGHD2-1*01__________IGHJ2-1*01	NA	NA	NA	NA	NA	NA	NA	NA	NA	NA	NA	1.0	NA	NA	NA	NA	NA
IGHV4-3*01__________IGHD2-1*01__________IGHJ2-4*01	NA	NA	NA	NA	2.0	NA	NA	NA	NA	NA	NA	NA	NA	NA	NA	NA	NA
IGHV4-3*01__________IGHD2-2*01__________IGHJ2-1*01	NA	NA	NA	NA	NA	7.0	NA	NA	NA	NA	NA	NA	NA	NA	1.0	NA	NA
IGHV4-3*01__________IGHD2-4*01__________IGHJ2-1*01	NA	NA	NA	4.0	2.0	6.0	NA	NA	NA	NA	NA	5.0	NA	NA	1.0	2.0	NA
IGHV4-3*01__________IGHD2-4*01__________IGHJ2-2*01	NA	NA	NA	NA	NA	NA	NA	1.0	NA	NA	NA	NA	NA	NA	NA	NA	NA
IGHV4-3*01__________IGHD2-4*01__________IGHJ2-5*01	NA	NA	NA	NA	NA	NA	NA	NA	NA	NA	NA	NA	NA	3.0	NA	2.0	NA
IGHV4-3*01__________IGHD2-5*01__________IGHJ2-1*01	NA	NA	NA	13.0	21.0	22.0	NA	20.0	NA	NA	NA	3.0	2.0	6.0	28.0	22.0	4.0
IGHV4-3*01__________IGHD2-5*01__________IGHJ2-2*01	NA	NA	NA	1.0	NA	NA	NA	NA	NA	NA	NA	NA	NA	NA	NA	9.0	NA
IGHV4-3*01__________IGHD2-5*01__________IGHJ2-4*01	NA	NA	NA	12.0	8.0	3.0	NA	25.0	NA	NA	NA	24.0	1.0	1.0	4.0	44.0	2.0
IGHV4-3*01__________IGHD2-5*01__________IGHJ2-5*01	NA	NA	NA	NA	NA	NA	NA	NA	NA	NA	NA	NA	NA	NA	2.0	NA	NA
IGHV4-3*01__________NA__________IGHJ1-1*01	NA	NA	NA	NA	NA	NA	NA	NA	NA	NA	NA	NA	NA	NA	NA	1.0	NA
IGHV4-3*01__________NA__________IGHJ2-1*01	NA	NA	NA	1377.0	875.0	915.0	17.0	595.0	2.0	NA	NA	283.0	285.0	1097.0	1164.0	923.0	145.0
IGHV4-3*01__________NA__________IGHJ2-2*01	NA	NA	NA	273.0	457.0	394.0	NA	3989.0	NA	NA	NA	47.0	2402.0	104.0	291.0	585.0	39.0
IGHV4-3*01__________NA__________IGHJ2-3*01	NA	NA	NA	3.0	NA	12.0	NA	17.0	NA	NA	NA	NA	2.0	1.0	1.0	28.0	NA
IGHV4-3*01__________NA__________IGHJ2-4*01	NA	NA	NA	489.0	1909.0	537.0	2.0	424.0	NA	NA	NA	121.0	99.0	1716.0	503.0	2287.0	240.0
IGHV4-3*01__________NA__________IGHJ2-5*01	NA	NA	NA	2764.0	310.0	482.0	2.0	254.0	5.0	NA	NA	404.0	346.0	275.0	349.0	534.0	194.0
IGHV4-5*01__________IGHD2-5*01__________IGHJ2-1*01	NA	NA	NA	1.0	NA	2.0	NA	1.0	NA	NA	NA	NA	NA	1.0	NA	NA	2.0
IGHV4-5*01__________IGHD2-5*01__________IGHJ2-2*01	NA	NA	NA	2.0	NA	NA	NA	NA	NA	NA	NA	9.0	NA	1.0	1.0	NA	NA
IGHV4-5*01__________IGHD2-5*01__________IGHJ2-4*01	NA	NA	NA	NA	NA	5.0	NA	NA	NA	NA	NA	NA	NA	NA	NA	1.0	NA
IGHV4-5*01__________IGHD2-5*01__________IGHJ2-5*01	NA	NA	NA	1.0	NA	NA	NA	NA	NA	NA	NA	NA	NA	NA	4.0	NA	NA
IGHV4-5*01__________NA__________IGHJ1-2*01	NA	NA	NA	NA	NA	NA	NA	NA	NA	NA	NA	1.0	NA	NA	NA	NA	NA
IGHV4-5*01__________NA__________IGHJ2-1*01	NA	NA	NA	45.0	36.0	33.0	157.0	28.0	41.0	6.0	11.0	61.0	31.0	68.0	467.0	96.0	2.0
IGHV4-5*01__________NA__________IGHJ2-2*01	NA	NA	NA	19.0	12.0	16.0	16.0	10.0	11.0	NA	1.0	14.0	410.0	27.0	150.0	46.0	4.0
IGHV4-5*01__________NA__________IGHJ2-3*01	NA	NA	NA	2.0	4.0	3.0	1.0	1.0	NA	NA	NA	4.0	1.0	18.0	36.0	8.0	NA
IGHV4-5*01__________NA__________IGHJ2-4*01	NA	NA	NA	106.0	14.0	22.0	71.0	12.0	3.0	4.0	6.0	54.0	3.0	53.0	108.0	87.0	33.0
IGHV4-5*01__________NA__________IGHJ2-5*01	NA	NA	NA	21.0	6.0	14.0	71.0	8.0	9.0	NA	7.0	25.0	8.0	433.0	67.0	53.0	3.0
IGHV4-6*01__________IGHD1-2*01__________IGHJ2-5*01	NA	NA	NA	NA	NA	NA	NA	NA	NA	NA	NA	NA	NA	NA	1.0	NA	NA
IGHV4-6*01__________IGHD2-1*01__________IGHJ2-5*01	NA	NA	NA	NA	4.0	NA	NA	NA	NA	NA	NA	NA	NA	NA	NA	NA	NA
IGHV4-6*01__________IGHD2-4*01__________IGHJ2-1*01	NA	NA	NA	NA	NA	1.0	5.0	5.0	1.0	1.0	1.0	2.0	NA	73.0	14.0	99.0	NA
IGHV4-6*01__________IGHD2-4*01__________IGHJ2-5*01	NA	NA	NA	NA	NA	NA	NA	NA	NA	1.0	NA	NA	NA	NA	NA	NA	NA
IGHV4-6*01__________IGHD2-5*01__________IGHJ2-1*01	NA	NA	NA	4.0	4.0	7.0	NA	6.0	NA	NA	NA	16.0	1.0	NA	15.0	19.0	NA
IGHV4-6*01__________IGHD2-5*01__________IGHJ2-4*01	NA	NA	NA	2.0	NA	NA	NA	2.0	NA	NA	NA	NA	4.0	NA	3.0	8.0	NA
IGHV4-6*01__________IGHD2-5*01__________IGHJ2-5*01	NA	NA	NA	NA	1.0	NA	NA	NA	NA	NA	NA	NA	NA	2.0	1.0	5.0	NA
IGHV4-6*01__________NA__________IGHJ2-1*01	NA	NA	NA	365.0	492.0	385.0	529.0	540.0	111.0	400.0	305.0	669.0	1686.0	988.0	1409.0	945.0	305.0
IGHV4-6*01__________NA__________IGHJ2-2*01	NA	NA	NA	23.0	27.0	69.0	58.0	91.0	19.0	47.0	9.0	32.0	607.0	21.0	693.0	1357.0	1.0
IGHV4-6*01__________NA__________IGHJ2-3*01	NA	NA	NA	1.0	NA	NA	1.0	NA	NA	NA	37.0	NA	NA	NA	NA	2.0	NA
IGHV4-6*01__________NA__________IGHJ2-4*01	NA	NA	NA	135.0	259.0	261.0	473.0	338.0	78.0	441.0	137.0	503.0	1068.0	390.0	357.0	563.0	507.0
IGHV4-6*01__________NA__________IGHJ2-5*01	NA	NA	NA	67.0	350.0	123.0	148.0	253.0	61.0	196.0	193.0	193.0	306.0	416.0	379.0	431.0	221.0
IGHV4-7*01__________IGHD2-5*01__________IGHJ2-2*01	NA	NA	NA	NA	NA	NA	NA	NA	NA	NA	NA	NA	NA	NA	4.0	NA	NA
IGHV4-7*01__________NA__________IGHJ2-1*01	NA	NA	NA	NA	NA	NA	37.0	NA	11.0	10.0	5.0	1.0	NA	1.0	11.0	2.0	NA
IGHV4-7*01__________NA__________IGHJ2-2*01	NA	NA	NA	NA	NA	NA	236.0	NA	18.0	18.0	8.0	4.0	1.0	NA	NA	1.0	1.0
IGHV4-7*01__________NA__________IGHJ2-3*01	NA	NA	NA	NA	NA	NA	1.0	NA	3.0	3.0	NA	NA	NA	NA	NA	NA	NA
IGHV4-7*01__________NA__________IGHJ2-4*01	NA	NA	NA	NA	1.0	NA	40.0	NA	6.0	9.0	7.0	NA	18.0	4.0	NA	NA	NA
IGHV4-7*01__________NA__________IGHJ2-5*01	NA	NA	NA	NA	1.0	NA	28.0	NA	NA	1.0	4.0	4.0	NA	4.0	NA	NA	NA
IGHV4-8*01__________IGHD1-2*01__________IGHJ2-4*01	NA	NA	NA	NA	NA	NA	NA	NA	NA	NA	NA	NA	1.0	NA	NA	NA	NA
IGHV4-8*01__________IGHD2-1*01__________IGHJ2-2*01	NA	NA	NA	NA	NA	NA	NA	NA	NA	NA	NA	NA	NA	1.0	NA	NA	NA
IGHV4-8*01__________IGHD2-2*01__________IGHJ2-4*01	NA	NA	NA	NA	NA	NA	NA	1.0	NA	NA	NA	NA	NA	NA	NA	NA	1.0
IGHV4-8*01__________IGHD2-2*01__________IGHJ2-5*01	NA	NA	NA	NA	3.0	2.0	NA	NA	NA	11.0	NA	NA	NA	NA	NA	NA	NA
IGHV4-8*01__________IGHD2-4*01__________IGHJ2-1*01	NA	NA	NA	NA	2.0	5.0	NA	3.0	NA	2.0	2.0	NA	NA	NA	42.0	NA	NA
IGHV4-8*01__________IGHD2-4*01__________IGHJ2-2*01	NA	NA	NA	NA	NA	NA	NA	NA	NA	NA	7.0	NA	NA	NA	NA	NA	NA
IGHV4-8*01__________IGHD2-4*01__________IGHJ2-4*01	NA	NA	NA	NA	NA	NA	NA	NA	NA	NA	NA	NA	NA	NA	16.0	1.0	NA
IGHV4-8*01__________IGHD2-4*01__________IGHJ2-5*01	NA	NA	NA	NA	NA	1.0	NA	NA	NA	1.0	NA	NA	NA	NA	NA	NA	NA
IGHV4-8*01__________IGHD2-5*01__________IGHJ2-1*01	NA	NA	NA	95.0	11.0	36.0	NA	6.0	NA	NA	NA	4.0	NA	6.0	3.0	19.0	1.0
IGHV4-8*01__________IGHD2-5*01__________IGHJ2-2*01	NA	NA	NA	NA	37.0	4.0	NA	6.0	NA	NA	NA	2.0	7.0	1.0	2.0	NA	NA
IGHV4-8*01__________IGHD2-5*01__________IGHJ2-3*01	NA	NA	NA	NA	NA	NA	NA	NA	NA	NA	NA	NA	NA	NA	NA	1.0	NA
IGHV4-8*01__________IGHD2-5*01__________IGHJ2-4*01	NA	NA	NA	2.0	2.0	3.0	NA	NA	NA	NA	NA	3.0	NA	1.0	13.0	3.0	NA
IGHV4-8*01__________IGHD2-5*01__________IGHJ2-5*01	NA	NA	NA	1.0	NA	7.0	NA	NA	NA	NA	NA	3.0	NA	3.0	1.0	2.0	NA
IGHV4-8*01__________NA__________IGHJ1-1*01	NA	NA	NA	NA	NA	NA	NA	1.0	NA	NA	NA	NA	NA	NA	NA	NA	NA
IGHV4-8*01__________NA__________IGHJ1-2*01	NA	NA	NA	NA	NA	NA	NA	NA	NA	NA	NA	NA	NA	1.0	NA	NA	NA
IGHV4-8*01__________NA__________IGHJ2-1*01	NA	NA	NA	419.0	760.0	486.0	NA	826.0	NA	1236.0	349.0	338.0	218.0	282.0	1169.0	428.0	2391.0
IGHV4-8*01__________NA__________IGHJ2-2*01	NA	NA	NA	209.0	369.0	234.0	NA	5686.0	NA	550.0	296.0	416.0	40.0	938.0	761.0	292.0	188.0
IGHV4-8*01__________NA__________IGHJ2-3*01	NA	NA	NA	4.0	23.0	3.0	NA	84.0	NA	16.0	18.0	39.0	4.0	8.0	28.0	29.0	3.0
IGHV4-8*01__________NA__________IGHJ2-4*01	NA	NA	NA	250.0	1004.0	218.0	NA	2131.0	NA	718.0	230.0	362.0	313.0	341.0	142.0	221.0	214.0
IGHV4-8*01__________NA__________IGHJ2-5*01	NA	NA	NA	499.0	361.0	220.0	NA	420.0	NA	621.0	159.0	271.0	765.0	587.0	2415.0	1292.0	240.0
IGHV4-9*01__________IGHD2-5*01__________IGHJ2-1*01	NA	NA	NA	NA	NA	NA	NA	NA	NA	NA	NA	NA	NA	NA	NA	1.0	NA
IGHV4-9*01__________IGHD2-5*01__________IGHJ2-4*01	NA	NA	NA	NA	NA	NA	NA	NA	NA	NA	NA	NA	NA	NA	7.0	1.0	NA
IGHV4-9*01__________NA__________IGHJ2-1*01	NA	NA	NA	15.0	48.0	43.0	NA	76.0	NA	141.0	59.0	37.0	48.0	15.0	28.0	56.0	5.0
IGHV4-9*01__________NA__________IGHJ2-2*01	NA	NA	NA	NA	10.0	3.0	NA	19.0	7.0	65.0	6.0	9.0	26.0	12.0	5.0	55.0	10.0
IGHV4-9*01__________NA__________IGHJ2-3*01	NA	NA	NA	NA	NA	2.0	NA	NA	NA	NA	NA	NA	NA	NA	NA	NA	NA
IGHV4-9*01__________NA__________IGHJ2-4*01	NA	NA	NA	2.0	27.0	3.0	NA	41.0	NA	62.0	37.0	39.0	16.0	18.0	11.0	34.0	11.0
IGHV4-9*01__________NA__________IGHJ2-5*01	NA	NA	NA	1.0	39.0	NA	NA	36.0	NA	261.0	11.0	12.0	2.0	115.0	11.0	58.0	7.0
IGHV5-1*01__________IGHD2-1*01__________IGHJ2-1*01	NA	NA	NA	NA	NA	NA	NA	NA	NA	NA	NA	NA	NA	NA	NA	1.0	NA
IGHV5-1*01__________IGHD2-2*01__________IGHJ2-1*01	NA	NA	NA	NA	NA	NA	NA	NA	NA	NA	NA	1.0	NA	NA	NA	NA	NA
IGHV5-1*01__________IGHD2-4*01__________IGHJ2-1*01	NA	NA	NA	NA	NA	NA	NA	1.0	NA	NA	NA	NA	NA	NA	NA	NA	NA
IGHV5-1*01__________IGHD2-5*01__________IGHJ2-1*01	NA	NA	NA	1.0	NA	5.0	NA	4.0	NA	NA	NA	3.0	NA	3.0	2.0	1.0	NA
IGHV5-1*01__________IGHD2-5*01__________IGHJ2-4*01	NA	NA	NA	1.0	28.0	6.0	NA	NA	NA	NA	NA	1.0	NA	1.0	3.0	1.0	NA
IGHV5-1*01__________IGHD2-5*01__________IGHJ2-5*01	NA	NA	NA	NA	NA	3.0	NA	NA	NA	NA	NA	NA	2.0	NA	NA	1.0	NA
IGHV5-1*01__________NA__________IGHJ2-1*01	NA	NA	NA	573.0	552.0	359.0	322.0	309.0	68.0	NA	1.0	226.0	117.0	200.0	487.0	261.0	134.0
IGHV5-1*01__________NA__________IGHJ2-2*01	NA	NA	NA	181.0	154.0	35.0	100.0	94.0	22.0	NA	NA	64.0	624.0	460.0	81.0	297.0	66.0
IGHV5-1*01__________NA__________IGHJ2-3*01	NA	NA	NA	NA	NA	NA	1.0	NA	NA	NA	NA	NA	NA	1.0	NA	1.0	NA
IGHV5-1*01__________NA__________IGHJ2-4*01	NA	NA	NA	284.0	230.0	403.0	140.0	228.0	7.0	NA	NA	92.0	486.0	120.0	257.0	178.0	15.0
IGHV5-1*01__________NA__________IGHJ2-5*01	NA	NA	NA	136.0	115.0	59.0	37.0	52.0	1.0	NA	NA	51.0	16.0	38.0	125.0	141.0	17.0
IGHV5-2*01__________IGHD2-1*01__________IGHJ2-4*01	NA	NA	NA	NA	NA	NA	2.0	NA	NA	NA	NA	NA	NA	NA	NA	NA	NA
IGHV5-2*01__________IGHD2-4*01__________IGHJ2-1*01	NA	NA	NA	1.0	NA	NA	7.0	NA	NA	NA	NA	3.0	NA	NA	14.0	3.0	NA
IGHV5-2*01__________IGHD2-5*01__________IGHJ2-1*01	NA	NA	NA	12.0	NA	7.0	NA	NA	NA	NA	NA	2.0	NA	NA	3.0	1.0	NA
IGHV5-2*01__________IGHD2-5*01__________IGHJ2-4*01	NA	NA	NA	3.0	NA	NA	NA	2.0	NA	NA	NA	NA	NA	4.0	2.0	NA	NA
IGHV5-2*01__________IGHD2-5*01__________IGHJ2-5*01	NA	NA	NA	NA	NA	1.0	NA	NA	NA	NA	NA	NA	NA	NA	NA	NA	NA
IGHV5-2*01__________NA__________IGHJ2-1*01	NA	NA	NA	138.0	53.0	203.0	503.0	84.0	6.0	NA	NA	100.0	67.0	89.0	152.0	113.0	22.0
IGHV5-2*01__________NA__________IGHJ2-2*01	NA	NA	NA	31.0	68.0	107.0	108.0	890.0	1.0	NA	NA	89.0	2.0	16.0	43.0	131.0	19.0
IGHV5-2*01__________NA__________IGHJ2-3*01	NA	NA	NA	6.0	NA	4.0	3.0	335.0	NA	NA	NA	NA	NA	NA	4.0	5.0	NA
IGHV5-2*01__________NA__________IGHJ2-4*01	NA	NA	NA	142.0	46.0	130.0	377.0	39.0	3.0	2.0	NA	40.0	2.0	39.0	295.0	68.0	21.0
IGHV5-2*01__________NA__________IGHJ2-5*01	NA	NA	NA	165.0	60.0	86.0	130.0	10.0	NA	NA	NA	18.0	6.0	25115.0	56.0	42.0	31.0
IGHV5-3*01__________IGHD2-4*01__________IGHJ2-1*01	NA	NA	NA	NA	NA	NA	NA	NA	NA	NA	NA	NA	1.0	NA	1.0	NA	NA
IGHV5-3*01__________IGHD2-5*01__________IGHJ2-1*01	NA	NA	NA	NA	NA	NA	NA	NA	NA	NA	NA	1.0	NA	3.0	NA	NA	NA
IGHV5-3*01__________IGHD2-5*01__________IGHJ2-5*01	NA	NA	NA	NA	NA	NA	NA	NA	NA	NA	NA	1.0	NA	NA	NA	NA	NA
IGHV5-3*01__________NA__________IGHJ2-1*01	NA	NA	NA	36.0	73.0	39.0	9.0	52.0	1.0	122.0	127.0	150.0	191.0	74.0	118.0	210.0	56.0
IGHV5-3*01__________NA__________IGHJ2-2*01	NA	NA	NA	NA	5.0	4.0	NA	13.0	NA	NA	NA	9.0	2.0	3.0	12.0	70.0	98.0
IGHV5-3*01__________NA__________IGHJ2-4*01	NA	NA	NA	23.0	13.0	NA	1.0	15.0	1.0	47.0	25.0	63.0	1.0	19.0	17.0	21.0	NA
IGHV5-3*01__________NA__________IGHJ2-5*01	NA	NA	NA	1.0	3.0	1.0	NA	7.0	NA	48.0	17.0	18.0	2.0	51.0	13.0	4.0	2.0
IGHV5-4*01__________IGHD2-5*01__________IGHJ2-1*01	NA	NA	NA	NA	NA	NA	NA	NA	NA	NA	NA	1.0	NA	NA	NA	NA	NA
IGHV5-4*01__________NA__________IGHJ2-1*01	NA	NA	NA	51.0	331.0	77.0	70.0	237.0	35.0	275.0	199.0	122.0	33.0	50.0	139.0	666.0	443.0
IGHV5-4*01__________NA__________IGHJ2-2*01	NA	NA	NA	NA	1.0	NA	NA	23.0	NA	14.0	1.0	3.0	NA	NA	3.0	4.0	1.0
IGHV5-4*01__________NA__________IGHJ2-3*01	NA	NA	NA	NA	NA	NA	NA	NA	NA	NA	NA	NA	NA	1.0	NA	NA	NA
IGHV5-4*01__________NA__________IGHJ2-4*01	NA	NA	NA	9.0	64.0	20.0	7.0	121.0	7.0	19.0	61.0	49.0	20.0	3.0	23.0	27.0	44.0
IGHV5-4*01__________NA__________IGHJ2-5*01	NA	NA	NA	48.0	181.0	23.0	12.0	118.0	8.0	200.0	219.0	107.0	25.0	97.0	22.0	84.0	313.0
IGHV5-5*01__________IGHD2-4*01__________IGHJ2-1*01	NA	NA	NA	NA	NA	NA	NA	NA	NA	NA	NA	NA	NA	NA	NA	2.0	NA
IGHV5-5*01__________IGHD2-5*01__________IGHJ2-1*01	NA	NA	NA	NA	2.0	NA	NA	1.0	NA	NA	NA	2.0	NA	NA	NA	3.0	NA
IGHV5-5*01__________IGHD2-5*01__________IGHJ2-4*01	NA	NA	NA	NA	NA	NA	NA	NA	NA	NA	NA	NA	NA	NA	NA	192.0	NA
IGHV5-5*01__________NA__________IGHJ2-1*01	NA	NA	NA	69.0	209.0	111.0	NA	216.0	1.0	1226.0	305.0	335.0	151.0	129.0	436.0	452.0	189.0
IGHV5-5*01__________NA__________IGHJ2-2*01	NA	NA	NA	NA	NA	NA	NA	14.0	NA	1.0	4.0	NA	NA	1.0	2.0	23.0	1.0
IGHV5-5*01__________NA__________IGHJ2-4*01	NA	NA	NA	10.0	27.0	26.0	NA	85.0	NA	75.0	66.0	59.0	8.0	25.0	27.0	69.0	11.0
IGHV5-5*01__________NA__________IGHJ2-5*01	NA	NA	NA	29.0	122.0	19.0	1.0	117.0	NA	136.0	223.0	158.0	530.0	103.0	219.0	145.0	149.0
IGHV5-7*01__________IGHD2-1*01__________IGHJ2-1*01	NA	NA	NA	1.0	NA	NA	NA	NA	NA	NA	NA	NA	NA	NA	NA	NA	NA
IGHV5-7*01__________IGHD2-2*01__________IGHJ2-1*01	NA	NA	NA	NA	NA	3.0	NA	NA	NA	NA	NA	NA	NA	NA	NA	NA	NA
IGHV5-7*01__________IGHD2-4*01__________IGHJ2-1*01	NA	NA	NA	NA	NA	NA	NA	NA	NA	2.0	NA	2.0	NA	NA	NA	7.0	NA
IGHV5-7*01__________IGHD2-4*01__________IGHJ2-5*01	NA	NA	NA	NA	NA	NA	NA	NA	NA	NA	2.0	NA	NA	NA	NA	NA	NA
IGHV5-7*01__________IGHD2-5*01__________IGHJ2-1*01	NA	NA	NA	NA	4.0	NA	NA	3.0	NA	NA	NA	7.0	1.0	NA	3.0	NA	NA
IGHV5-7*01__________IGHD2-5*01__________IGHJ2-2*01	NA	NA	NA	NA	NA	2.0	NA	2.0	NA	NA	NA	NA	178.0	NA	NA	NA	NA
IGHV5-7*01__________IGHD2-5*01__________IGHJ2-4*01	NA	NA	NA	NA	NA	NA	NA	NA	NA	NA	NA	1.0	NA	NA	2.0	1.0	NA
IGHV5-7*01__________NA__________IGHJ2-1*01	NA	NA	NA	44.0	147.0	16.0	227.0	92.0	3.0	203.0	114.0	62.0	45.0	452.0	80.0	91.0	61.0
IGHV5-7*01__________NA__________IGHJ2-2*01	NA	NA	NA	14.0	53.0	16.0	18.0	40.0	NA	47.0	24.0	35.0	30.0	11.0	35.0	29.0	1299.0
IGHV5-7*01__________NA__________IGHJ2-3*01	NA	NA	NA	NA	NA	1.0	NA	6.0	NA	1.0	NA	NA	NA	NA	3.0	2.0	3.0
IGHV5-7*01__________NA__________IGHJ2-4*01	NA	NA	NA	16.0	97.0	29.0	69.0	71.0	NA	182.0	61.0	47.0	10.0	31.0	46.0	39.0	1275.0
IGHV5-7*01__________NA__________IGHJ2-5*01	NA	NA	NA	14.0	39.0	28.0	46.0	13.0	NA	100.0	44.0	28.0	229.0	9.0	23.0	9.0	10.0
IGHV5-8*01__________IGHD2-4*01__________IGHJ2-1*01	NA	NA	NA	NA	NA	NA	NA	NA	NA	NA	NA	NA	NA	NA	1.0	NA	NA
IGHV5-8*01__________IGHD2-5*01__________IGHJ2-1*01	NA	NA	NA	NA	NA	NA	NA	NA	NA	NA	NA	NA	NA	NA	NA	2.0	NA
IGHV5-8*01__________NA__________IGHJ2-1*01	NA	NA	NA	12.0	23.0	14.0	NA	84.0	NA	NA	1.0	23.0	18.0	23.0	87.0	120.0	1.0
IGHV5-8*01__________NA__________IGHJ2-2*01	NA	NA	NA	NA	NA	NA	NA	2.0	NA	NA	NA	NA	NA	NA	NA	3.0	NA
IGHV5-8*01__________NA__________IGHJ2-4*01	NA	NA	NA	1.0	1.0	NA	NA	7.0	NA	NA	NA	8.0	NA	3.0	2.0	21.0	NA
IGHV5-8*01__________NA__________IGHJ2-5*01	NA	NA	NA	4.0	3.0	5.0	NA	5.0	NA	NA	NA	14.0	3.0	12.0	34.0	35.0	1.0
IGHV6-1*01__________IGHD2-4*01__________IGHJ2-1*01	NA	NA	NA	NA	NA	NA	NA	NA	NA	NA	NA	NA	NA	NA	1.0	NA	NA
IGHV6-1*01__________IGHD2-4*01__________IGHJ2-4*01	NA	NA	NA	NA	NA	NA	NA	NA	NA	NA	NA	NA	NA	1.0	NA	NA	NA
IGHV6-1*01__________NA__________IGHJ2-1*01	NA	NA	NA	2.0	2.0	1.0	3.0	13.0	1.0	4.0	3.0	5.0	6.0	4.0	6.0	6.0	8.0
IGHV6-1*01__________NA__________IGHJ2-2*01	NA	NA	NA	1.0	NA	NA	NA	NA	NA	NA	NA	3.0	NA	NA	8.0	4.0	NA
IGHV6-1*01__________NA__________IGHJ2-4*01	NA	NA	NA	3.0	1.0	NA	NA	3.0	NA	NA	3.0	NA	8.0	3.0	3.0	6.0	NA
IGHV6-1*01__________NA__________IGHJ2-5*01	NA	NA	NA	1.0	NA	NA	NA	NA	NA	2.0	4.0	1.0	NA	1.0	6.0	3.0	1.0
IGHV6-2*01__________IGHD2-4*01__________IGHJ2-1*01	NA	NA	NA	NA	2.0	NA	NA	NA	NA	NA	NA	NA	NA	3.0	3.0	1.0	NA
IGHV6-2*01__________IGHD2-5*01__________IGHJ2-1*01	NA	NA	NA	NA	1.0	8.0	NA	NA	NA	NA	NA	NA	NA	3.0	NA	6.0	NA
IGHV6-2*01__________IGHD2-5*01__________IGHJ2-4*01	NA	NA	NA	NA	1.0	NA	NA	NA	NA	NA	NA	NA	NA	1.0	5.0	3.0	NA
IGHV6-2*01__________IGHD2-5*01__________IGHJ2-5*01	NA	NA	NA	NA	NA	NA	NA	NA	NA	NA	NA	NA	NA	NA	1.0	NA	NA
IGHV6-2*01__________NA__________IGHJ1-1*01	NA	NA	NA	NA	NA	NA	NA	NA	NA	1.0	NA	2.0	NA	1.0	NA	NA	NA
IGHV6-2*01__________NA__________IGHJ1-2*01	NA	NA	NA	NA	NA	NA	NA	NA	NA	NA	1.0	NA	NA	NA	2.0	NA	1.0
IGHV6-2*01__________NA__________IGHJ2-1*01	NA	NA	NA	54.0	56.0	39.0	11.0	41.0	NA	85.0	105.0	146.0	89.0	191.0	331.0	797.0	879.0
IGHV6-2*01__________NA__________IGHJ2-2*01	NA	NA	NA	4.0	1.0	1.0	NA	5.0	NA	2.0	3.0	5.0	5.0	7.0	6.0	32.0	2.0
IGHV6-2*01__________NA__________IGHJ2-3*01	NA	NA	NA	NA	NA	NA	NA	NA	NA	NA	NA	NA	NA	1.0	NA	NA	NA
IGHV6-2*01__________NA__________IGHJ2-4*01	NA	NA	NA	5.0	16.0	14.0	NA	16.0	NA	11.0	21.0	31.0	52.0	55.0	42.0	61.0	6.0
IGHV6-2*01__________NA__________IGHJ2-5*01	NA	NA	NA	6.0	17.0	5.0	3.0	12.0	NA	33.0	24.0	25.0	4.0	16.0	22.0	32.0	6.0
IGHV7-1*01__________IGHD1-2*01__________IGHJ2-1*01	NA	NA	NA	NA	NA	1.0	NA	NA	NA	NA	NA	NA	NA	NA	NA	NA	NA
IGHV7-1*01__________IGHD2-1*01__________IGHJ2-2*01	NA	NA	NA	NA	NA	NA	1.0	NA	NA	NA	NA	NA	NA	NA	NA	NA	NA
IGHV7-1*01__________IGHD2-2*01__________IGHJ2-1*01	NA	NA	NA	NA	NA	NA	NA	NA	NA	NA	NA	NA	1.0	NA	2.0	NA	NA
IGHV7-1*01__________IGHD2-2*01__________IGHJ2-2*01	NA	NA	NA	NA	NA	NA	NA	NA	NA	NA	NA	NA	NA	NA	1.0	2.0	NA
IGHV7-1*01__________IGHD2-2*01__________IGHJ2-5*01	NA	NA	NA	NA	NA	NA	2.0	NA	NA	NA	NA	NA	NA	NA	NA	NA	NA
IGHV7-1*01__________IGHD2-3*01__________IGHJ2-2*01	NA	NA	NA	1.0	NA	NA	NA	NA	NA	NA	NA	NA	NA	NA	NA	NA	NA
IGHV7-1*01__________IGHD2-4*01__________IGHJ2-1*01	NA	NA	NA	3.0	NA	2.0	3.0	NA	NA	NA	NA	5.0	NA	2.0	3.0	NA	NA
IGHV7-1*01__________IGHD2-4*01__________IGHJ2-3*01	NA	NA	NA	NA	2.0	NA	NA	NA	NA	NA	NA	NA	NA	NA	NA	NA	NA
IGHV7-1*01__________IGHD2-5*01__________IGHJ2-1*01	NA	NA	NA	9.0	3.0	4.0	NA	NA	1.0	NA	NA	10.0	4.0	7.0	9.0	17.0	5.0
IGHV7-1*01__________IGHD2-5*01__________IGHJ2-2*01	NA	NA	NA	8.0	2.0	13.0	NA	NA	NA	NA	NA	5.0	1.0	2.0	4.0	8.0	1.0
IGHV7-1*01__________IGHD2-5*01__________IGHJ2-3*01	NA	NA	NA	1.0	NA	NA	NA	NA	NA	NA	NA	1.0	1.0	NA	1.0	4.0	3.0
IGHV7-1*01__________IGHD2-5*01__________IGHJ2-4*01	NA	NA	NA	16.0	4.0	NA	NA	3.0	NA	NA	NA	5.0	1.0	5.0	4.0	4.0	NA
IGHV7-1*01__________IGHD2-5*01__________IGHJ2-5*01	NA	NA	NA	1.0	NA	NA	NA	1.0	NA	NA	NA	3.0	NA	5.0	1.0	1.0	1.0
IGHV7-1*01__________NA__________IGHJ2-1*01	NA	NA	NA	700.0	235.0	107.0	266.0	143.0	327.0	301.0	128.0	335.0	83.0	347.0	335.0	394.0	3896.0
IGHV7-1*01__________NA__________IGHJ2-2*01	NA	NA	NA	118.0	86.0	142.0	49.0	82.0	36.0	81.0	83.0	161.0	40.0	183.0	248.0	305.0	104.0
IGHV7-1*01__________NA__________IGHJ2-3*01	NA	NA	NA	96.0	58.0	45.0	1.0	39.0	NA	NA	NA	37.0	41.0	37.0	129.0	118.0	16.0
IGHV7-1*01__________NA__________IGHJ2-4*01	NA	NA	NA	294.0	317.0	274.0	153.0	163.0	46.0	208.0	113.0	188.0	111.0	167.0	985.0	1298.0	105.0
IGHV7-1*01__________NA__________IGHJ2-5*01	NA	NA	NA	69.0	137.0	62.0	64.0	71.0	37.0	106.0	121.0	114.0	212.0	937.0	127.0	197.0	156.0
IGHV8-1*01__________IGHD2-5*01__________IGHJ2-1*01	NA	NA	NA	1.0	NA	NA	NA	NA	NA	NA	NA	NA	1.0	4.0	3.0	NA	NA
IGHV8-1*01__________IGHD2-5*01__________IGHJ2-2*01	NA	NA	NA	NA	NA	NA	NA	NA	NA	NA	NA	1.0	NA	NA	NA	NA	NA
IGHV8-1*01__________IGHD2-5*01__________IGHJ2-4*01	NA	NA	NA	NA	NA	NA	NA	NA	NA	NA	NA	3.0	NA	NA	NA	NA	NA
IGHV8-1*01__________NA__________IGHJ2-1*01	NA	NA	NA	23.0	311.0	17.0	20.0	45.0	3.0	45.0	31.0	79.0	7.0	41.0	1375.0	30.0	4.0
IGHV8-1*01__________NA__________IGHJ2-2*01	NA	NA	NA	37.0	66.0	17.0	31.0	30.0	NA	56.0	45.0	53.0	11.0	23.0	39.0	54.0	31.0
IGHV8-1*01__________NA__________IGHJ2-3*01	NA	NA	NA	1.0	2.0	NA	3.0	5.0	NA	15.0	8.0	16.0	57.0	NA	NA	12.0	NA
IGHV8-1*01__________NA__________IGHJ2-4*01	NA	NA	NA	53.0	72.0	17.0	35.0	82.0	2.0	122.0	135.0	60.0	27.0	29.0	84.0	49.0	63.0
IGHV8-1*01__________NA__________IGHJ2-5*01	NA	NA	NA	6.0	35.0	NA	11.0	8.0	1.0	77.0	58.0	38.0	282.0	17.0	12.0	2.0	6.0
IGHV8-2*01__________IGHD2-2*01__________IGHJ2-2*01	NA	NA	NA	NA	NA	NA	NA	NA	NA	NA	NA	NA	NA	NA	NA	6.0	NA
IGHV8-2*01__________IGHD2-4*01__________IGHJ2-5*01	NA	NA	NA	NA	2.0	NA	NA	NA	NA	NA	NA	NA	NA	NA	NA	NA	NA
IGHV8-2*01__________IGHD2-5*01__________IGHJ2-1*01	NA	NA	NA	1.0	3.0	2.0	NA	2.0	NA	NA	NA	NA	NA	4.0	NA	20.0	NA
IGHV8-2*01__________IGHD2-5*01__________IGHJ2-4*01	NA	NA	NA	1.0	NA	NA	NA	NA	NA	NA	NA	3.0	NA	NA	10.0	NA	NA
IGHV8-2*01__________NA__________IGHJ1-2*01	NA	NA	NA	NA	NA	NA	NA	NA	NA	NA	NA	NA	NA	NA	1.0	NA	NA
IGHV8-2*01__________NA__________IGHJ2-1*01	NA	NA	NA	63.0	71.0	106.0	2.0	87.0	NA	24.0	6.0	91.0	73.0	69.0	291.0	174.0	650.0
IGHV8-2*01__________NA__________IGHJ2-2*01	NA	NA	NA	15.0	7.0	39.0	NA	25.0	NA	23.0	7.0	44.0	43.0	18.0	193.0	242.0	1.0
IGHV8-2*01__________NA__________IGHJ2-3*01	NA	NA	NA	NA	1.0	NA	NA	7.0	NA	NA	NA	2.0	NA	1.0	27.0	2.0	NA
IGHV8-2*01__________NA__________IGHJ2-4*01	NA	NA	NA	62.0	38.0	37.0	2.0	49.0	NA	23.0	4.0	71.0	15.0	38.0	144.0	68.0	13.0
IGHV8-2*01__________NA__________IGHJ2-5*01	NA	NA	NA	12.0	809.0	40.0	1.0	13.0	NA	16.0	5.0	21.0	NA	255.0	39.0	58.0	2.0
IGHV8-3*01__________IGHD2-4*01__________IGHJ2-1*01	NA	NA	NA	NA	NA	NA	NA	NA	NA	NA	NA	1.0	NA	NA	NA	NA	NA
IGHV8-3*01__________IGHD2-5*01__________IGHJ2-1*01	NA	NA	NA	NA	4.0	1.0	NA	NA	NA	NA	NA	NA	NA	NA	6.0	NA	1.0
IGHV8-3*01__________IGHD2-5*01__________IGHJ2-2*01	NA	NA	NA	NA	NA	NA	NA	NA	NA	NA	NA	3.0	NA	NA	1.0	5.0	NA
IGHV8-3*01__________IGHD2-5*01__________IGHJ2-4*01	NA	NA	NA	NA	2.0	NA	NA	NA	NA	NA	NA	2.0	NA	8.0	3.0	1.0	NA
IGHV8-3*01__________IGHD2-5*01__________IGHJ2-5*01	NA	NA	NA	NA	NA	NA	NA	NA	NA	NA	NA	NA	NA	NA	NA	NA	3.0
IGHV8-3*01__________NA__________IGHJ2-1*01	NA	NA	NA	52.0	67.0	53.0	873.0	64.0	124.0	168.0	126.0	178.0	49.0	109.0	311.0	364.0	141.0
IGHV8-3*01__________NA__________IGHJ2-2*01	NA	NA	NA	158.0	97.0	87.0	302.0	78.0	209.0	215.0	175.0	167.0	166.0	512.0	630.0	429.0	156.0
IGHV8-3*01__________NA__________IGHJ2-3*01	NA	NA	NA	6.0	13.0	3.0	20.0	14.0	NA	25.0	60.0	10.0	10.0	22.0	14.0	54.0	3.0
IGHV8-3*01__________NA__________IGHJ2-4*01	NA	NA	NA	26.0	74.0	135.0	326.0	88.0	48.0	191.0	212.0	87.0	872.0	156.0	146.0	239.0	156.0
IGHV8-3*01__________NA__________IGHJ2-5*01	NA	NA	NA	14.0	21.0	5.0	45.0	19.0	9.0	64.0	32.0	34.0	2639.0	158.0	35.0	40.0	58.0
IGHV8-4*01__________IGHD2-2*01__________IGHJ2-4*01	NA	NA	NA	NA	NA	NA	4.0	NA	NA	NA	NA	NA	NA	NA	NA	NA	NA
IGHV8-4*01__________IGHD2-4*01__________IGHJ2-4*01	NA	NA	NA	NA	NA	NA	NA	NA	NA	NA	NA	NA	NA	1.0	NA	NA	NA
IGHV8-4*01__________IGHD2-5*01__________IGHJ2-1*01	NA	NA	NA	NA	1.0	NA	NA	1.0	NA	NA	NA	NA	NA	2.0	1.0	3.0	NA
IGHV8-4*01__________IGHD2-5*01__________IGHJ2-2*01	NA	NA	NA	NA	NA	NA	NA	1.0	NA	NA	NA	NA	NA	NA	NA	NA	NA
IGHV8-4*01__________IGHD2-5*01__________IGHJ2-3*01	NA	NA	NA	NA	NA	NA	NA	NA	NA	NA	NA	NA	NA	NA	NA	1.0	NA
IGHV8-4*01__________IGHD2-5*01__________IGHJ2-4*01	NA	NA	NA	1.0	1.0	2.0	NA	NA	NA	NA	NA	2.0	NA	NA	NA	2.0	NA
IGHV8-4*01__________NA__________IGHJ1-1*01	NA	NA	NA	NA	NA	NA	NA	NA	NA	NA	NA	NA	NA	NA	1.0	NA	NA
IGHV8-4*01__________NA__________IGHJ1-2*01	NA	NA	NA	NA	NA	NA	NA	NA	NA	1.0	NA	NA	NA	6.0	NA	NA	NA
IGHV8-4*01__________NA__________IGHJ2-1*01	NA	NA	NA	85.0	144.0	39.0	142.0	103.0	NA	66.0	50.0	122.0	677.0	121.0	243.0	283.0	22.0
IGHV8-4*01__________NA__________IGHJ2-2*01	NA	NA	NA	86.0	444.0	50.0	101.0	36.0	NA	18.0	54.0	251.0	18.0	145.0	141.0	568.0	554.0
IGHV8-4*01__________NA__________IGHJ2-3*01	NA	NA	NA	3.0	16.0	1.0	10.0	21.0	NA	6.0	5.0	16.0	1.0	16.0	53.0	339.0	58.0
IGHV8-4*01__________NA__________IGHJ2-4*01	NA	NA	NA	87.0	107.0	168.0	85.0	54.0	1.0	50.0	33.0	82.0	75.0	842.0	229.0	169.0	9.0
IGHV8-4*01__________NA__________IGHJ2-5*01	NA	NA	NA	11.0	11.0	30.0	30.0	8.0	NA	40.0	31.0	24.0	6.0	27.0	97.0	41.0	36.0
IGHV9-1*01__________NA__________IGHJ2-1*01	NA	NA	NA	NA	NA	NA	NA	NA	1.0	3.0	NA	NA	NA	NA	NA	1.0	NA
IGHV9-1*01__________NA__________IGHJ2-4*01	NA	NA	NA	NA	NA	NA	NA	NA	NA	NA	NA	NA	NA	NA	1.0	NA	NA
IGHV9-2*01__________IGHD2-4*01__________IGHJ2-1*01	NA	NA	NA	NA	NA	NA	NA	1.0	NA	NA	NA	NA	NA	NA	NA	1.0	NA
IGHV9-2*01__________IGHD2-5*01__________IGHJ2-1*01	NA	NA	NA	NA	NA	NA	NA	1.0	NA	NA	NA	NA	NA	NA	NA	NA	NA
IGHV9-2*01__________IGHD2-5*01__________IGHJ2-5*01	NA	NA	NA	NA	NA	NA	NA	NA	NA	NA	NA	NA	NA	NA	NA	1.0	NA
IGHV9-2*01__________NA__________IGHJ1-2*01	NA	NA	NA	NA	NA	NA	NA	NA	NA	NA	NA	1.0	NA	NA	NA	NA	NA
IGHV9-2*01__________NA__________IGHJ2-1*01	NA	NA	NA	102.0	65.0	33.0	1.0	37.0	2.0	NA	NA	34.0	29.0	118.0	119.0	139.0	1.0
IGHV9-2*01__________NA__________IGHJ2-2*01	NA	NA	NA	NA	NA	NA	NA	1.0	1.0	NA	NA	4.0	NA	NA	1.0	4.0	NA
IGHV9-2*01__________NA__________IGHJ2-4*01	NA	NA	NA	9.0	4.0	NA	1.0	18.0	NA	NA	1.0	3.0	2.0	9.0	14.0	48.0	NA
IGHV9-2*01__________NA__________IGHJ2-5*01	NA	NA	NA	55.0	11.0	38.0	3.0	38.0	NA	NA	NA	8.0	7.0	7.0	44.0	116.0	NA
IGHV9-3*01__________IGHD2-5*01__________IGHJ2-1*01	NA	NA	NA	NA	NA	NA	NA	NA	NA	NA	NA	1.0	NA	NA	NA	NA	NA
IGHV9-3*01__________IGHD2-5*01__________IGHJ2-4*01	NA	NA	NA	NA	NA	NA	NA	NA	NA	NA	NA	NA	NA	1.0	NA	NA	NA
IGHV9-3*01__________NA__________IGHJ2-1*01	NA	NA	NA	1.0	1.0	NA	2.0	1.0	NA	1.0	4.0	8.0	1.0	23.0	8.0	NA	4.0
IGHV9-3*01__________NA__________IGHJ2-2*01	NA	NA	NA	NA	NA	NA	NA	NA	NA	3.0	NA	2.0	NA	NA	2.0	NA	1.0
IGHV9-3*01__________NA__________IGHJ2-4*01	NA	NA	NA	1.0	NA	NA	NA	NA	NA	3.0	NA	NA	2.0	5.0	4.0	NA	1.0
IGHV9-3*01__________NA__________IGHJ2-5*01	NA	NA	NA	NA	NA	NA	2.0	NA	1.0	NA	NA	1.0	NA	4.0	3.0	NA	1.0
IGHV9-4*01__________NA__________IGHJ1-1*01	NA	NA	NA	NA	NA	NA	NA	1.0	NA	1.0	NA	1.0	NA	NA	NA	NA	NA
IGHV9-4*01__________NA__________IGHJ2-1*01	NA	NA	NA	NA	NA	1.0	2.0	2.0	1.0	NA	4.0	8.0	NA	3.0	3.0	1.0	1.0
IGHV9-4*01__________NA__________IGHJ2-2*01	NA	NA	NA	NA	NA	NA	NA	NA	NA	NA	NA	NA	NA	NA	NA	14.0	NA
IGHV9-4*01__________NA__________IGHJ2-3*01	NA	NA	NA	NA	1.0	NA	NA	NA	1.0	NA	NA	NA	NA	NA	NA	NA	NA
IGHV9-4*01__________NA__________IGHJ2-4*01	NA	NA	NA	NA	NA	NA	NA	NA	NA	NA	NA	1.0	5.0	1.0	NA	3.0	NA
IGHV9-4*01__________NA__________IGHJ2-5*01	NA	NA	NA	NA	1.0	NA	1.0	NA	2.0	NA	2.0	1.0	NA	NA	8.0	1.0	NA
